Cargo;Class;Inscricao;Concorre Vagas Negros;Concorre Vagas PCD;NFDiscur;Habilitado
PE01;1;3003732;N;N;230;Sim
PE01;2;3000077;N;S;225;Sim
PE01;3;3002817;N;N;187.5;Sim
PE01;4;3002200;N;N;132.5;Sim
PE01;5;3002123;N;N;130;Sim
PE02;1;3001121;N;N;240.625;Sim
PE02;2;3001200;N;N;234.375;Sim
PE02;3;3002937;S;N;234.375;Sim
PE02;4;3001762;N;N;234.375;Sim
PE02;5;3002794;N;N;221.875;Sim
PE02;6;3002122;N;N;218.75;Não
PE02;7;3002885;N;N;215.625;Não
PE02;8;3002852;S;N;209.375;Sim
PE02;9;3001347;N;N;203.125;Não
PE02;10;3004187;N;N;203.125;Não
PE02;11;3002542;N;N;190.625;Não
PE02;12;3003067;S;N;187.5;Sim
PE02;13;3000767;N;N;184.375;Não
PE02;14;3001782;N;N;168.75;Não
PE02;15;3001130;N;N;162.5;Não
PE02;16;3003150;N;N;143.75;Não
PE03;1;3003549;N;N;85;Sim
PE03;2;3002891;N;N;80;Sim
PE03;3;3001842;N;S;78;Sim
PE03;4;3002993;N;N;75;Sim
PE03;5;3002420;N;N;75;Sim
PE03;6;3002945;N;N;70;Sim
PE03;7;3001785;N;N;68;Sim
PE03;8;3002784;N;N;68;Sim
PE03;9;3003310;N;N;65;Sim
PE03;10;3001948;N;N;60;Sim
PE03;11;3000823;N;N;60;Sim
PE03;12;3002263;N;N;55;Sim
PE03;13;3000565;N;N;55;Sim
PE03;14;3004276;N;N;55;Sim
PE03;15;3003566;N;N;53;Sim
PE03;16;3001367;N;N;50;Sim
PE03;17;3002410;N;N;50;Sim
PE03;18;3000574;N;N;50;Sim
PE03;19;3001766;N;N;50;Sim
PE03;20;3000064;N;N;50;Sim
PE03;21;3003020;N;N;50;Sim
PE03;22;3002361;N;N;50;Sim
PE03;23;3002592;N;N;50;Sim
PE03;24;3002207;N;N;50;Sim
PE03;25;3001463;N;N;50;Sim
PE03;26;3002540;N;N;50;Sim
PE04;1;3000389;N;N;80;Sim
PE04;2;3001371;N;N;75;Sim
PE04;3;3001653;N;N;75;Sim
PE04;4;3004519;N;N;75;Sim
PE04;5;3002854;N;N;75;Sim
PE04;6;3001602;N;N;75;Sim
PE04;7;3001565;N;N;70;Não
PE04;8;3003981;N;N;70;Não
PE04;9;3003840;N;N;70;Não
PE04;10;3001369;N;N;70;Não
PE04;11;3004333;N;N;70;Não
PE04;12;3001611;N;N;70;Não
PE04;13;3000929;N;N;70;Não
PE04;14;3001799;S;N;65;Sim
PE04;15;3002533;N;N;65;Não
PE04;16;3002310;N;N;65;Não
PE04;17;3001081;N;N;65;Não
PE04;18;3004525;N;N;60;Não
PE04;19;3004618;N;N;60;Não
PE04;20;3004279;N;N;60;Não
PE04;21;3004044;N;N;55;Não
PE04;22;3003855;N;N;55;Não
PE04;23;3000110;N;N;55;Não
PE04;24;3002758;N;N;55;Não
PE04;25;3002413;S;N;55;Sim
PE04;26;3002002;N;N;55;Não
PE04;27;3000633;N;N;50;Não
PE05;1;3001315;N;N;78;Sim
PE05;2;3002367;N;N;70;Sim
PE05;3;3000130;N;N;69.5;Sim
PE05;4;3000126;N;N;69;Sim
PE05;5;3001278;N;N;68;Sim
PE05;6;3000494;N;N;66.5;Não
PE05;7;3003212;N;N;66;Não
PE05;8;3000042;N;N;65;Não
PE05;9;3001082;N;N;64;Não
PE05;10;3001295;N;N;60;Não
PE05;11;3003558;N;N;56.5;Não
PE05;12;3002409;S;N;56;Sim
PE05;13;3003988;N;N;56;Não
PE05;14;3001680;S;N;56;Sim
PE05;15;3002829;N;N;55;Não
PE05;16;3002165;S;N;55;Sim
PE05;17;3003714;N;N;53;Não
PE05;18;3002733;N;N;53;Não
PE05;19;3001998;N;N;50;Não
PE06;1;3003970;N;N;95;Sim
PE06;2;3003275;N;N;90;Sim
PE06;3;3002916;N;N;87.5;Sim
PE06;4;3002963;N;N;82.5;Sim
PE06;5;3002912;N;N;82.5;Sim
PE06;6;3003258;N;N;82.5;Sim
PE06;7;3004639;S;N;77.5;Sim
PE06;8;3002095;N;N;72.5;Não
PE06;9;3003581;N;N;67.5;Não
PE06;10;3003071;N;N;65;Não
PE06;11;3002678;N;N;65;Não
PE06;12;3002443;N;N;62.5;Não
PE06;13;3003937;N;N;60;Não
PE06;14;3004260;N;N;55;Não
PE06;15;3001951;N;N;52.5;Não
PE06;16;3004822;N;N;50;Não
PE07;1;3003070;N;N;20;Sim
PE07;2;3002494;N;N;20;Sim
PE07;3;3003004;N;N;18;Sim
PE07;4;3002166;S;N;18;Sim
PE07;5;3002311;N;N;16;Sim
PE07;6;3001872;N;N;14;Não
PE07;7;3004499;N;N;14;Não
PE07;8;3003998;N;N;13;Não
PE07;9;3002791;N;N;13;Não
PE07;10;3000052;N;N;12;Não
PE07;11;3002150;S;N;12;Sim
PE07;12;3001136;N;N;10;Não
PE08;1;3001234;N;N;14.5;Sim
PE08;2;3001950;N;N;12.7;Sim
PE08;3;3000237;N;N;12.2;Sim
PE08;4;3000070;N;N;11.9;Sim
PE08;5;3003339;N;N;10.2;Sim
PE09;1;3004730;N;N;20;Sim
PE09;2;3001947;S;N;17;Sim
PE09;3;3000370;N;N;16.6;Sim
PE09;4;3002792;N;N;16.4;Sim
PE09;5;3002731;N;N;16;Sim
PE09;6;3002320;N;N;16;Sim
PE09;7;3002872;N;N;16;Sim
PE09;8;3002466;N;N;15;Não
PE09;9;3002958;N;N;14.6;Não
PE09;10;3004296;N;N;14.4;Não
PE09;11;3004321;N;N;13.6;Não
PE09;12;3002694;N;N;13;Não
PE09;13;3003191;N;N;13;Não
PE09;14;3004329;N;N;13;Não
PE09;15;3000284;N;N;12;Não
PE09;16;3004771;N;N;12;Não
PE09;17;3002161;N;N;12;Não
PE09;18;3002547;S;N;12;Sim
PE09;19;3000014;N;N;11.6;Não
PE09;20;3000354;N;S;11.2;Sim
PE09;21;3003896;S;N;11;Sim
PE09;22;3003098;N;N;10.6;Não
PE09;23;3000319;S;N;10.4;Sim
PE09;24;3003676;S;N;10.2;Sim
PE09;25;3003794;S;N;10;Sim
PE09;26;3004088;S;N;10;Sim
PE09;27;3004004;N;N;10;Não
PE10;1;3002421;N;N;19.6;Sim
PE10;2;3003957;N;N;19.6;Sim
PE10;3;3000971;N;N;18;Sim
PE10;4;3004194;N;N;17.8;Sim
PE10;5;3003342;N;N;17.6;Sim
PE10;6;3002137;S;N;15.7;Sim
PE10;7;3000334;N;N;13.9;Não
PE10;8;3003022;N;N;12.9;Não
PE10;9;3002321;S;N;10.8;Sim
PE10;10;3003590;N;N;10.6;Não
PE10;11;3001515;S;N;10.1;Sim
PE11;1;3003112;N;N;19.5;Sim
PE11;2;3001194;N;N;19;Sim
PE11;3;3002873;N;N;18.5;Sim
PE11;4;3000146;N;N;18;Sim
PE11;5;3004159;N;N;18;Sim
PE11;6;3001995;S;N;18;Sim
PE11;7;3001063;S;S;18;Sim
PE11;8;3002486;N;S;18;Sim
PE11;9;3002141;N;N;18;Sim
PE11;10;3000397;S;N;18;Sim
PE11;11;3001481;S;N;18;Sim
PE11;12;3000539;N;N;16.5;Não
PE11;13;3001567;N;N;16.5;Não
PE11;14;3000752;N;N;16;Não
PE11;15;3004346;N;N;16;Não
PE11;16;3000081;S;N;16;Sim
PE11;17;3001535;N;N;16;Não
PE11;18;3000362;N;N;15;Não
PE11;19;3002194;S;N;15;Sim
PE11;20;3003613;N;N;15;Não
PE11;21;3002604;S;N;15;Sim
PE11;22;3002713;N;N;14.5;Não
PE11;23;3000981;S;N;14;Sim
PE11;24;3003131;N;S;14;Sim
PE11;25;3004634;N;N;14;Não
PE11;26;3003709;N;N;14;Não
PE11;27;3002047;N;N;14;Não
PE11;28;3002571;N;N;13.6;Não
PE11;29;3003657;N;N;13.5;Não
PE11;30;3003976;N;N;13.2;Não
PE11;31;3000220;N;N;13;Não
PE11;32;3000244;N;N;13;Não
PE11;33;3003897;N;N;13;Não
PE11;34;3004315;N;N;13;Não
PE11;35;3003812;S;N;13;Sim
PE11;36;3002178;S;N;13;Sim
PE11;37;3003006;N;N;12.9;Não
PE11;38;3004420;N;N;12.6;Não
PE11;39;3002634;S;N;12;Sim
PE11;40;3001734;N;N;12;Não
PE11;41;3003915;N;N;12;Não
PE11;42;3004598;N;N;12;Não
PE11;43;3000499;S;N;12;Sim
PE11;44;3002073;S;N;12;Sim
PE11;45;3001692;S;N;12;Sim
PE11;46;3001623;N;N;12;Não
PE11;47;3004030;N;N;12;Não
PE11;48;3000304;S;N;12;Sim
PE11;49;3000452;N;N;11;Não
PE11;50;3000843;N;N;11;Não
PE11;51;3000748;N;N;11;Não
PE11;52;3003148;S;N;11;Sim
PE11;53;3003854;N;N;11;Não
PE11;54;3002820;N;N;11;Não
PE11;55;3004257;S;N;11;Sim
PE11;56;3003878;N;N;11;Não
PE11;57;3003050;N;N;11;Não
PE11;58;3003023;N;N;11;Não
PE11;59;3001892;S;N;10.5;Sim
PE11;60;3000428;N;N;10.2;Não
PE11;61;3004065;N;N;10.2;Não
PE11;62;3001677;N;N;10;Não
PE11;63;3000259;N;N;10;Não
PE11;64;3004602;N;N;10;Não
PE12;1;3000015;N;N;15;Sim
PE12;2;3003288;S;N;13.4;Sim
PE12;3;3002982;N;N;12.2;Sim
PE12;4;3003226;N;N;10.2;Sim
PE12;5;3003496;N;N;10.2;Sim
PE13;1;3002539;S;N;18;Sim
PE13;2;3004331;N;N;18;Sim
PE13;3;3004591;S;N;17;Sim
PE13;4;3004337;N;N;17;Sim
PE13;5;3002897;N;N;17;Sim
PE13;6;3001963;N;N;16.4;Não
PE13;7;3003241;N;N;16.2;Não
PE13;8;3000650;S;N;16;Sim
PE13;9;3000308;N;N;16;Não
PE13;10;3004289;N;N;16;Não
PE13;11;3000092;S;N;15;Sim
PE13;12;3002220;N;N;15;Não
PE13;13;3003821;N;N;15;Não
PE13;14;3003965;N;N;15;Não
PE13;15;3001796;N;N;15;Não
PE13;16;3003508;N;N;15;Não
PE13;17;3003357;S;N;14.6;Sim
PE13;18;3000588;N;N;14.2;Não
PE13;19;3001103;N;N;14;Não
PE13;20;3004278;N;N;14;Não
PE13;21;3001944;S;N;14;Sim
PE13;22;3003909;N;S;14;Sim
PE13;23;3004458;N;N;14;Não
PE13;24;3002961;N;N;13.6;Não
PE13;25;3001748;N;N;13.6;Não
PE13;26;3000134;N;N;13;Não
PE13;27;3000095;S;N;13;Sim
PE13;28;3000086;N;N;13;Não
PE13;29;3001683;N;N;13;Não
PE13;30;3003321;S;N;13;Sim
PE13;31;3001537;S;N;13;Sim
PE13;32;3001534;N;N;12.6;Não
PE13;33;3004079;S;N;12;Sim
PE13;34;3003330;N;N;12;Não
PE13;35;3002528;N;N;11.6;Não
PE13;36;3004676;N;N;11;Não
PE13;37;3001547;N;N;11;Não
PE13;38;3004678;N;N;11;Não
PE13;39;3000609;N;N;11;Não
PE13;40;3002304;N;N;10;Não
PE13;41;3004762;S;N;10;Sim
PE13;42;3004294;N;N;10;Não
PE13;43;3003927;N;N;10;Não
PE13;44;3000863;N;N;10;Não
PE13;45;3002097;S;N;10;Sim
PE13;46;3001456;N;N;10;Não
PE14;1;3000103;N;N;17;Sim
PE14;2;3002170;N;N;17;Sim
PE14;3;3003706;N;N;17;Sim
PE14;4;3004664;N;N;16;Sim
PE14;5;3002622;N;N;14;Sim
PE14;6;3004642;N;N;14;Sim
PE14;7;3000281;N;N;14;Sim
PE14;8;3003010;S;N;14;Sim
PE14;9;3004570;N;N;14;Sim
PE14;10;3004674;N;S;13;Sim
PE14;11;3001813;N;N;13;Não
PE14;12;3003011;N;N;13;Não
PE14;13;3000154;N;N;12;Não
PE14;14;3004235;N;N;12;Não
PE14;15;3001648;S;N;12;Sim
PE14;16;3003824;S;N;12;Sim
PE14;17;3003874;N;N;12;Não
PE14;18;3000109;S;N;12;Sim
PE14;19;3002884;N;N;11;Não
PE14;20;3001163;S;N;11;Sim
PE14;21;3000365;N;N;11;Não
PE14;22;3003292;N;N;11;Não
PE14;23;3003951;N;N;10;Não
PE14;24;3001060;S;N;10;Sim
PE14;25;3002553;N;N;10;Não
PE14;26;3003650;N;N;10;Não
PE14;27;3004029;S;N;10;Sim
PE14;28;3001934;N;N;10;Não
PE14;29;3004389;N;N;10;Não
PE15;1;3000470;N;N;15;Sim
PE15;2;3003579;N;N;13.5;Sim
PE15;3;3002133;N;N;12.5;Sim
PE15;4;3002711;N;N;11.5;Sim
PE15;5;3000608;N;N;10;Sim
PE15;6;3003710;N;N;10;Sim
PE15;7;3002972;N;N;10;Sim
PE15;8;3003748;N;N;10;Sim
PE15;9;3001408;N;N;10;Sim
PE16;1;3002325;N;N;19.5;Sim
PE16;2;3000232;N;N;17.5;Sim
PE16;3;3000037;N;N;17;Sim
PE16;4;3003007;N;N;13.3;Sim
PE16;5;3001193;N;N;12;Sim
PE16;6;3001791;N;N;11.8;Não
PE17;1;3001619;N;N;17.35;Sim
PE17;2;3002027;N;N;14.9;Sim
PE17;3;3002612;N;N;13.4;Sim
PE17;4;3001530;N;N;12.85;Sim
PE17;5;3003343;N;N;12.4;Sim
PE17;6;3001480;N;N;11.2;Não
PE17;7;3002559;N;N;11.2;Não
PE17;8;3000535;N;N;10.4;Não
PE17;9;3002741;N;N;10;Não
PE18;1;3003504;N;N;17.8;Sim
PE18;2;3002198;N;N;17.8;Sim
PE18;3;3002768;N;N;17;Sim
PE18;4;3001932;S;N;15.36;Sim
PE18;5;3000297;N;N;14.66;Sim
PE18;6;3003743;N;N;13.9;Não
PE18;7;3001373;N;N;13.86;Não
PE18;8;3000208;S;N;13.76;Sim
PE18;9;3001719;N;N;13.6;Não
PE18;10;3000055;N;N;13.46;Não
PE18;11;3002474;S;N;13.1;Sim
PE18;12;3002911;S;N;12.5;Sim
PE18;13;3000616;N;N;11.9;Não
PE18;14;3004212;S;N;11.8;Sim
PE18;15;3002568;S;N;11.7;Sim
PE18;16;3001605;N;N;11.56;Não
PE18;17;3004011;N;N;11.3;Não
PE18;18;3001978;N;N;10.72;Não
PE18;19;3001401;S;N;10.66;Sim
PE18;20;3004670;S;N;10.46;Sim
PE18;21;3002102;S;N;10.1;Sim
PE18;22;3001332;N;N;10.06;Não
PE18;23;3003663;N;N;10;Não
PE19;1;3002457;N;N;192;Sim
PE19;2;3003553;S;N;152;Sim
PE19;3;3002969;N;N;128;Sim
PE19;4;3002231;N;N;126;Sim
PE19;5;3004568;N;N;120;Sim
PE19;6;3001641;N;N;120;Sim
PE19;7;3002627;N;S;116;Sim
PE19;8;3002849;N;N;110;Não
PE19;9;3002086;S;N;110;Sim
PE19;10;3003890;N;N;110;Não
PE20;1;3002429;N;N;198;Sim
PE20;2;3002685;S;N;198;Sim
PE20;3;3001812;N;N;196;Sim
PE20;4;3003412;N;N;194;Sim
PE20;5;3002808;N;N;182;Sim
PE20;6;3003625;N;N;156;Não
PE20;7;3002763;S;N;154;Sim
PE20;8;3003091;N;N;144;Não
PE20;9;3004395;N;N;142;Não
PE20;10;3004097;N;N;140;Não
PE20;11;3004012;N;N;138;Não
PE20;12;3000310;N;N;138;Não
PE20;13;3000551;N;N;131;Não
PE20;14;3003384;N;N;122;Não
PE20;15;3004307;N;N;116;Não
PE20;16;3002232;N;N;114;Não
PE20;17;3001743;N;N;114;Não
PE20;18;3000075;N;N;108;Não
PE20;19;3001862;N;N;108;Não
PE20;20;3002714;N;N;104;Não
PE20;21;3002521;N;N;104;Não
PE20;22;3000434;N;N;104;Não
PE20;23;3001185;N;N;102;Não
PE21;1;3002422;N;N;164;Sim
PE21;2;3004665;N;N;150;Sim
PE21;3;3002729;S;N;149;Sim
PE22;4;3001285;N;N;130;Sim
PE22;5;3004313;N;N;116;Sim
PE23;1;3000305;N;N;180;Sim
PE23;2;3000213;N;N;160;Sim
PE23;3;3004620;N;N;150;Sim
PE23;4;3000661;N;N;140;Sim
PE23;5;3003109;N;N;136;Sim
PE23;6;3003618;N;N;132;Não
PE23;7;3002863;N;N;128;Não
PE23;8;3003818;N;N;123;Não
PE23;9;3000323;N;N;122;Não
PE23;10;3003161;N;N;122;Não
PE23;11;3001263;S;N;118;Sim
PE23;12;3000889;S;N;116;Sim
PE23;13;3004497;N;N;116;Não
PE23;14;3000592;N;N;114;Não
PE23;15;3001586;N;N;114;Não
PE23;16;3002688;S;N;113;Sim
PE23;17;3002715;S;N;112;Sim
PE23;18;3000947;N;N;110;Não
PE23;19;3003414;N;N;107;Não
PE24;1;3000278;N;N;15.8;Sim
PE24;2;3002650;N;N;15.6;Sim
PE24;3;3000025;N;N;11.8;Sim
PE24;4;3004208;N;N;11.4;Sim
PE24;5;3001159;N;N;10.4;Sim
PE24;6;3000636;N;N;10.4;Sim
PE25;1;3003393;N;N;20;Sim
PE25;2;3003069;N;N;20;Sim
PE25;3;3001254;N;N;20;Sim
PE25;4;3002625;N;N;20;Sim
PE25;5;3000283;N;N;19.6;Sim
PE25;6;3000267;N;N;19.4;Não
PE25;7;3000250;N;N;19.3;Não
PE25;8;3001094;N;N;19.1;Não
PE25;9;3001346;N;N;18.8;Não
PE25;10;3002236;N;N;18.8;Não
PE25;11;3001921;N;N;17.2;Não
PE25;12;3002300;N;N;15.6;Não
PE25;13;3001714;N;N;15.6;Não
PE25;14;3000201;N;N;15.6;Não
PE25;15;3000498;N;N;14.5;Não
PE25;16;3002646;N;N;14;Não
PE25;17;3002524;N;N;14;Não
PE25;18;3000441;S;N;13.8;Sim
PE25;19;3000277;N;N;13;Não
PE25;20;3000432;N;N;12;Não
PE25;21;3001493;N;N;12;Não
PE25;22;3000386;N;N;12;Não
PE25;23;3000923;N;N;11.6;Não
PE25;24;3004614;S;N;10.7;Sim
PE25;25;3003228;S;N;10.6;Sim
PE25;26;3000819;N;N;10.6;Não
PE25;27;3000395;N;N;10.6;Não
PE25;28;3004335;N;N;10.5;Não
PE25;29;3000209;N;N;10.4;Não
PE25;30;3004561;N;N;10;Não
PE26;1;3002205;N;N;8.43;Sim
PE26;2;3003760;N;N;8.22;Sim
PE26;3;3000513;N;N;8.2;Sim
PE26;4;3003448;N;N;8.07;Sim
PE26;5;3002669;S;N;7.73;Sim
PE26;6;3002103;S;N;6.88;Sim
PE26;7;3001815;S;N;6.59;Sim
PE26;8;3001229;S;N;6.19;Sim
PE26;9;3002838;N;N;6.03;Não
PE26;10;3002475;N;N;5.55;Não
PE26;11;3003410;N;N;5.5;Não
PE26;12;3000328;N;N;5.45;Não
PE26;13;3000747;N;N;5.12;Não
PE26;14;3004054;N;N;5.09;Não
PE26;15;3001002;N;N;5.06;Não
PE26;16;3001581;N;N;5;Não
PE26;17;3001620;S;N;5;Sim
PE26;18;3003885;N;N;5;Não
PE27;1;3003480;N;N;84;Sim
PE27;2;3002147;N;N;82;Sim
PE27;3;3003591;S;N;80;Sim
PE27;4;3002845;S;N;60;Sim
PE27;5;3000779;N;N;56;Sim
PE27;6;3001553;N;N;55;Não
PE27;7;3003599;N;N;50;Não
PE28;1;3000740;N;N;100;Sim
PE28;2;3001174;N;N;100;Sim
PE28;3;3001851;N;N;97;Sim
PE28;4;3001399;N;N;87;Sim
PE28;5;3001781;N;N;85;Sim
PE28;6;3002920;S;N;85;Sim
PE28;7;3003340;N;N;83;Não
PE28;8;3000619;S;N;83;Sim
PE28;9;3001164;N;N;82;Não
PE28;10;3001578;N;N;75;Não
PE28;11;3004819;N;N;60;Não
PE29;1;3002140;N;N;187;Sim
PE29;2;3003019;N;N;174;Sim
PE29;3;3002798;N;N;170;Sim
PE29;4;3001204;S;N;163;Sim
PE29;5;3000311;N;N;153;Sim
PE30;1;3002926;N;S;193.5;Sim
PE30;2;3002049;N;N;180;Sim
PE30;3;3000303;N;N;174.4;Sim
PE30;4;3000139;N;N;174;Sim
PE30;5;3002858;N;N;173;Sim
PE30;6;3001720;N;N;167;Não
PE30;7;3000398;S;N;166;Sim
PE30;8;3000467;S;N;164;Sim
PE30;9;3004227;N;N;161;Não
PE30;10;3001923;N;N;161;Não
PE30;11;3000578;N;N;160;Não
PE30;12;3004565;N;N;157;Não
PE30;13;3002007;N;N;154;Não
PE30;14;3001423;N;N;153.2;Não
PE30;15;3003356;N;N;147.4;Não
PE30;16;3002098;N;N;143;Não
PE30;17;3001855;N;N;143;Não
PE30;18;3001533;N;N;142;Não
PE30;19;3002201;S;N;138;Sim
PE30;20;3001531;S;N;138;Sim
PE30;21;3000639;N;N;137;Não
PE30;22;3002250;N;N;136;Não
PE30;23;3003945;N;N;136;Não
PE30;24;3000329;N;N;134;Não
PE30;25;3002139;N;N;134;Não
PE30;26;3002679;N;N;134;Não
PE30;27;3003122;N;N;133;Não
PE30;28;3003156;N;N;132.8;Não
PE30;29;3002987;N;N;132;Não
PE30;30;3000302;N;N;129;Não
PE30;31;3001321;N;N;124;Não
PE30;32;3004133;N;N;124;Não
PE30;33;3000694;N;N;123;Não
PE30;34;3000087;S;N;122.4;Sim
PE30;35;3002113;N;N;122;Não
PE30;36;3000143;S;N;122;Sim
PE30;37;3001425;N;N;121;Não
PE30;38;3002995;N;N;118;Não
PE30;39;3003392;S;N;118;Sim
PE30;40;3003253;S;N;117;Sim
PE30;41;3000421;S;N;117;Sim
PE30;42;3001009;N;N;115;Não
PE30;43;3003347;S;N;114;Sim
PE30;44;3004354;N;N;114;Não
PE30;45;3002451;S;N;113.2;Sim
PE30;46;3003605;N;N;112;Não
PE30;47;3003804;N;N;111;Não
PE30;48;3004302;N;N;109;Não
PE30;49;3000307;N;N;108;Não
PE30;50;3000273;N;S;107.2;Sim
PE30;51;3004686;N;N;107;Não
PE30;52;3004690;N;N;105.578;Não
PE30;53;3000469;S;N;105;Sim
PE30;54;3001490;N;N;105;Não
PE30;55;3003076;N;N;105;Não
PE30;56;3002211;N;N;102;Não
PE30;57;3003001;S;N;100;Sim
PE31;1;3002472;N;N;170;Sim
PE31;2;3000335;N;N;142;Sim
PE31;3;3001889;N;N;122;Sim
PE31;4;3002967;N;N;116;Sim
PE31;5;3002116;N;N;114;Sim
PE32;1;3002215;N;N;160;Sim
PE32;2;3002115;N;N;160;Sim
PE32;3;3002643;N;N;130;Sim
PE33;1;3000776;N;N;190;Sim
PE33;2;3000339;N;N;188;Sim
PE33;3;3000580;N;N;188;Sim
PE33;4;3002083;N;N;186;Sim
PE33;5;3003495;N;N;186;Sim
PE33;6;3001831;S;N;180;Sim
PE33;7;3003914;N;N;176;Não
PE33;8;3000180;N;N;168;Não
PE33;9;3000837;N;N;166;Não
PE33;10;3000473;S;N;164;Sim
PE33;11;3000343;N;N;164;Não
PE33;12;3004390;N;N;148;Não
PE33;13;3003222;N;N;146;Não
PE33;14;3004643;N;N;144;Não
PE34;1;3003369;N;N;82;Sim
PE34;2;3003175;N;N;72;Sim
PE34;3;3000019;N;N;68;Sim
PE34;4;3001134;N;N;68;Sim
PE34;5;3001703;N;N;66;Sim
PE34;6;3003490;N;N;65;Não
PE35;1;3000195;N;N;98;Sim
PE35;2;3004563;N;N;95;Sim
PE35;3;3002099;N;N;60;Sim
PE36;1;3001313;N;N;80;Sim
PE36;2;3002936;N;N;76;Sim
PE36;3;3004433;N;N;67;Sim
PE36;4;3000246;N;N;66;Sim
PE36;5;3000249;N;N;66;Sim
PE36;6;3002175;N;N;61;Não
PE36;7;3001527;N;N;55;Não
PE36;8;3000829;N;N;53;Não
PE36;9;3001141;N;N;53;Não
PE36;10;3004583;S;N;52;Sim
PE36;11;3001870;N;N;50;Não
PE37;1;3002976;S;N;100;Sim
PE37;2;3001977;N;N;85;Sim
PE37;3;3003124;N;N;60;Sim
PE37;4;3003817;N;N;55;Sim
PE37;5;3000461;N;N;55;Sim
PE37;6;3001024;N;N;51;Não
PE37;7;3000053;N;N;50;Não
PE37;8;3000484;S;N;50;Sim
PE38;1;3000162;N;N;100;Sim
PE38;2;3003858;N;N;84;Sim
PE38;3;3001654;N;N;71;Sim
PE38;4;3003758;N;N;66;Sim
PE38;5;3004392;N;N;64;Sim
PE38;6;3003451;N;N;62;Não
PE38;7;3003948;N;N;56;Não
PE38;8;3001074;N;N;54;Não
PE38;9;3004544;N;N;52;Não
PE39;1;3002183;N;N;18.2;Sim
PE39;2;3003993;N;N;18.2;Sim
PE39;3;3002560;N;N;15.8;Sim
PE39;4;3002764;N;N;14.8;Sim
PE39;5;3002555;N;N;12.6;Sim
PE39;6;3000160;N;N;11.6;Não
PE39;7;3002589;N;N;11.2;Não
PE39;8;3000911;N;N;10.8;Não
PE39;9;3000489;N;N;10.8;Não
PE39;10;3000560;N;N;10.4;Não
PE40;1;3001107;N;N;19.1;Sim
PE40;2;3000882;N;N;19;Sim
PE40;3;3000964;N;N;18.8;Sim
PE40;4;3000176;N;N;18.6;Sim
PE40;5;3004502;N;N;18.5;Sim
PE40;6;3000970;N;N;18;Não
PE40;7;3002750;N;N;17.5;Não
PE40;8;3002889;S;N;17.1;Sim
PE40;9;3002702;N;N;17;Não
PE40;10;3004111;N;N;16;Não
PE40;11;3003881;S;N;16;Sim
PE40;12;3002813;N;N;15.5;Não
PE40;13;3003813;N;N;15;Não
PE40;14;3004259;N;N;15;Não
PE40;15;3001874;N;N;14.5;Não
PE40;16;3002312;N;N;14.5;Não
PE40;17;3001418;N;N;14;Não
PE40;18;3002901;N;N;13.8;Não
PE40;19;3004486;N;N;13;Não
PE40;20;3004248;N;N;13;Não
PE40;21;3002841;N;N;13;Não
PE40;22;3002959;N;N;12;Não
PE40;23;3000809;N;N;12;Não
PE40;24;3003895;N;N;12;Não
PE40;25;3000922;N;N;11.5;Não
PE40;26;3002647;S;N;10;Sim
PE40;27;3001697;N;N;10;Não
PE41;1;3000204;N;N;20;Sim
PE41;2;3002754;N;N;19.8;Sim
PE41;3;3001266;N;N;19.8;Sim
PE41;4;3001386;N;N;19.4;Sim
PE41;5;3002040;N;N;18.8;Sim
PE41;6;3002010;N;N;17.8;Não
PE41;7;3001198;N;N;17;Não
PE41;8;3003837;N;N;15.4;Não
PE41;9;3001271;N;N;14.2;Não
PE41;10;3001395;N;N;12.6;Não
PE41;11;3000759;N;N;12.2;Não
PE41;12;3004514;N;N;11.6;Não
PE41;13;3003947;N;N;11.2;Não
PE41;14;3003806;S;N;11;Sim
PE41;15;3000896;N;N;10.6;Não
PE42;1;3003571;N;N;19;Sim
PE42;2;3002351;S;N;18.2;Sim
PE42;3;3000158;N;N;18.2;Sim
PE42;4;3002196;N;N;17.2;Sim
PE42;5;3002551;N;N;17.2;Sim
PE42;6;3001554;N;N;17.2;Sim
PE42;7;3002700;N;N;15.2;Não
PE42;8;3002274;N;N;15.2;Não
PE42;9;3000207;S;N;14.2;Sim
PE42;10;3000982;N;N;14.2;Não
PE42;11;3001732;N;N;13.8;Não
PE42;12;3003042;N;N;13.6;Não
PE42;13;3000412;S;N;13.6;Sim
PE42;14;3001396;N;N;13.2;Não
PE42;15;3003360;N;N;13.2;Não
PE42;16;3001012;S;N;12.4;Sim
PE42;17;3000906;N;N;11.2;Não
PE42;18;3003417;N;N;11;Não
PE42;19;3004145;N;N;10.8;Não
PE42;20;3003202;N;N;10;Não
PE43;1;3003240;N;N;20;Sim
PE43;2;3003386;N;N;20;Sim
PE43;3;3001627;N;N;20;Sim
PE43;4;3003457;N;N;20;Sim
PE43;5;3004481;N;N;20;Sim
PE43;6;3004328;N;N;20;Sim
PE43;7;3003959;N;N;19;Não
PE43;8;3003575;N;N;19;Não
PE43;9;3001352;N;N;18;Não
PE43;10;3000612;N;N;18;Não
PE43;11;3001256;N;N;18;Não
PE43;12;3000523;N;N;18;Não
PE43;13;3003096;N;N;18;Não
PE43;14;3003960;N;N;18;Não
PE43;15;3003525;N;N;17;Não
PE43;16;3001871;N;N;17;Não
PE43;17;3001864;N;N;16;Não
PE43;18;3001015;N;N;15;Não
PE43;19;3003015;N;N;13;Não
PE43;20;3003155;N;N;13;Não
PE43;21;3002233;N;N;12;Não
PE43;22;3001222;S;N;12;Sim
PE43;23;3003762;N;N;12;Não
PE43;24;3001211;N;N;11;Não
PE43;25;3003912;N;N;11;Não
PE43;26;3000399;N;N;11;Não
PE43;27;3000720;S;N;10;Sim
PE43;28;3002218;N;N;10;Não
PE44;1;3001727;N;N;20;Sim
PE44;2;3003002;S;N;20;Sim
PE44;3;3004164;N;N;20;Sim
PE44;4;3001328;N;N;20;Sim
PE44;5;3004422;S;N;20;Sim
PE44;6;3000538;S;N;20;Sim
PE44;7;3001158;N;N;20;Sim
PE44;8;3001549;N;N;20;Sim
PE44;9;3002637;N;N;20;Sim
PE44;10;3002596;N;N;20;Sim
PE44;11;3000849;N;N;20;Sim
PE44;12;3004009;N;N;20;Sim
PE44;13;3000214;S;N;19.6;Sim
PE44;14;3000793;N;N;19.6;Não
PE44;15;3001413;N;N;19.4;Não
PE44;16;3001863;N;N;19.4;Não
PE44;17;3000293;N;N;19.4;Não
PE44;18;3001113;N;N;19;Não
PE44;19;3002461;N;N;19;Não
PE44;20;3003831;N;N;19;Não
PE44;21;3003198;N;N;18;Não
PE44;22;3002234;N;N;18;Não
PE44;23;3003759;S;N;18;Sim
PE44;24;3001433;N;N;18;Não
PE44;25;3001804;N;N;18;Não
PE44;26;3003544;N;N;17.8;Não
PE44;27;3001417;N;N;17.4;Não
PE44;28;3000642;N;N;16.8;Não
PE44;29;3004687;N;N;16.8;Não
PE44;30;3000453;S;N;16.6;Sim
PE44;31;3004463;N;N;16.4;Não
PE44;32;3001509;N;N;16.2;Não
PE44;33;3000113;N;N;16;Não
PE44;34;3001235;N;N;15.6;Não
PE44;35;3000219;N;N;15.4;Não
PE44;36;3002949;N;N;15.4;Não
PE44;37;3004545;N;N;15;Não
PE44;38;3002921;N;N;15;Não
PE44;39;3000211;N;N;15;Não
PE44;40;3000012;N;N;14.8;Não
PE44;41;3000474;S;N;12.8;Sim
PE44;42;3004402;N;N;12.2;Não
PE44;43;3000492;S;S;11.8;Sim
PE45;1;3000548;N;N;100;Sim
PE45;2;3004421;N;N;100;Sim
PE46;1;3000791;N;N;93;Sim
PE46;2;3004334;N;N;89;Sim
PE46;3;3001210;N;N;88;Sim
PE46;4;3001994;S;N;88;Sim
PE46;5;3002209;N;N;81;Sim
PE46;6;3003367;N;N;79;Não
PE46;7;3002309;N;N;77;Não
PE46;8;3003210;N;N;77;Não
PE46;9;3003784;N;N;75;Não
PE46;10;3001992;N;N;68;Não
PE46;11;3000674;N;N;67;Não
PE46;12;3003375;N;N;67;Não
PE46;13;3002664;N;N;63;Não
PE46;14;3004031;N;N;63;Não
PE46;15;3001903;S;N;61;Sim
PE46;16;3004372;N;N;55;Não
PE47;1;3002188;N;N;100;Sim
PE47;2;3003407;N;N;98;Sim
PE47;3;3001728;N;N;97;Sim
PE47;4;3002686;N;N;93.4;Sim
PE47;5;3002153;N;N;88;Sim
PE47;6;3000471;N;N;83.1;Não
PE47;7;3001633;N;N;79;Não
PE47;8;3002720;N;N;65.9;Não
PE47;9;3002545;N;N;65.7;Não
PE47;10;3004461;N;N;59.4;Não
PE47;11;3002359;N;N;58.5;Não
PE47;12;3001356;N;N;57.4;Não
PE47;13;3001042;N;N;56.2;Não
PE47;14;3000407;N;N;55.7;Não
PE47;15;3000568;N;N;54;Não
PE47;16;3000391;N;N;51;Não
PE47;17;3001057;N;N;51;Não
PE47;18;3001893;N;N;50.4;Não
PE48;1;3001293;N;N;100;Sim
PE48;2;3001601;N;N;100;Sim
PE48;3;3001843;N;N;99.5;Sim
PE48;4;3003024;S;N;85;Sim
PE48;5;3003254;N;N;81.5;Sim
PE48;6;3000136;N;N;81;Não
PE48;7;3004019;N;N;78;Não
PE48;8;3003165;N;N;73;Não
PE48;9;3001187;N;N;71;Não
PE48;10;3000805;N;N;69;Não
PE48;11;3001478;N;N;66;Não
PE48;12;3001721;N;N;63;Não
PE48;13;3001301;N;N;62;Não
PE48;14;3002705;S;N;60;Sim
PE48;15;3000730;S;N;59;Sim
PE48;16;3000481;N;N;58;Não
PE48;17;3000331;N;N;55;Não
PE48;18;3003374;N;N;53;Não
PE49;1;3000326;N;N;97.3;Sim
PE49;2;3001115;N;N;96.15;Sim
PE49;3;3003107;N;N;79.65;Sim
PE49;4;3003531;N;N;79.65;Sim
PE49;5;3004196;N;N;78.5;Sim
PE49;6;3002894;S;N;74;Sim
PE49;7;3001771;N;N;66;Não
PE49;8;3003955;N;N;63.82;Não
PE49;9;3002034;N;N;61;Não
PE49;10;3003364;N;N;58.16;Não
PE50;1;3000141;N;N;181;Sim
PE50;2;3002819;N;N;180;Sim
PE50;3;3002030;N;N;177;Sim
PE50;4;3000716;N;N;177;Sim
PE50;5;3003691;N;N;174;Sim
PE50;6;3001729;N;N;169;Não
PE50;7;3001239;N;N;166;Não
PE50;8;3002580;N;N;165;Não
PE50;9;3000766;N;N;163;Não
PE50;10;3001563;S;N;159;Sim
PE50;11;3004017;N;N;155;Não
PE50;12;3002101;N;N;146;Não
PE50;13;3003585;N;N;144;Não
PE50;14;3004479;N;N;144;Não
PE50;15;3001357;N;N;142;Não
PE50;16;3003303;N;N;141;Não
PE50;17;3001001;N;N;136;Não
PE50;18;3003584;N;N;133;Não
PE50;19;3004669;N;N;124;Não
PE51;1;3000466;N;N;150;Sim
PE51;2;3001735;N;N;130;Sim
PE52;1;3003574;N;N;175;Sim
PE52;2;3004737;N;N;170;Sim
PE52;3;3002447;N;N;170;Sim
PE52;4;3000227;N;N;170;Sim
PE52;5;3003421;N;N;165;Sim
PE52;6;3002296;N;N;160;Não
PE52;7;3000450;N;N;160;Não
PE52;8;3002620;N;N;160;Não
PE52;9;3003483;N;N;160;Não
PE52;10;3000069;N;N;160;Não
PE52;11;3002965;N;N;155;Não
PE52;12;3002775;N;N;155;Não
PE52;13;3003822;N;S;150;Sim
PE52;14;3003744;N;N;150;Não
PE52;15;3003942;N;N;120;Não
PE52;16;3001523;N;N;100;Não
PE53;1;3002056;S;N;195;Sim
PE53;2;3002707;N;N;182;Sim
PE53;3;3001905;N;N;180;Sim
PE53;4;3003992;S;N;180;Sim
PE53;5;3003475;N;N;175;Sim
PE53;6;3003509;N;N;170;Não
PE53;7;3001228;N;N;170;Não
PE53;8;3001569;N;N;168;Não
PE53;9;3001199;N;N;167;Não
PE53;10;3000324;N;N;160;Não
PE53;11;3000465;N;N;157;Não
PE53;12;3003999;N;N;150;Não
PE53;13;3003086;N;N;147;Não
PE53;14;3002739;N;S;145;Sim
PE53;15;3003696;N;N;145;Não
PE53;16;3003157;N;N;145;Não
PE53;17;3001690;N;N;143;Não
PE53;18;3002405;N;N;142;Não
PE53;19;3004285;N;N;140;Não
PE53;20;3001203;N;N;140;Não
PE53;21;3001638;N;N;135;Não
PE53;22;3002308;N;N;130;Não
PE53;23;3000383;N;N;125;Não
PE53;24;3002822;N;N;125;Não
PE53;25;3004010;N;N;125;Não
PE53;26;3000493;N;N;125;Não
PE53;27;3003587;N;N;125;Não
PE53;28;3000978;N;N;120;Não
PE53;29;3003499;N;N;120;Não
PE53;30;3000618;N;N;115;Não
PE54;1;3002590;S;N;165;Sim
PE54;2;3000785;N;N;150;Sim
PE54;3;3000445;N;N;148;Sim
PE54;4;3002876;N;N;140;Sim
PE54;5;3000749;N;N;140;Sim
PE54;6;3004810;N;N;135;Não
PE54;7;3001868;N;N;135;Não
PE54;8;3002572;N;N;125;Não
PE54;9;3003756;N;N;125;Não
PE54;10;3003641;N;N;125;Não
PE54;11;3003348;N;N;120;Não
PE54;12;3000174;N;N;115;Não
PE54;13;3003611;N;N;105;Não
PE55;1;3002414;N;N;153.52;Sim
PE55;2;3002124;N;N;148.7;Sim
PE55;3;3001405;N;N;131.05;Sim
PE55;4;3003205;N;N;130.75;Sim
PE55;5;3003406;N;N;118.4;Sim
PE56;1;3001459;N;N;15.9;Sim
PE56;2;3000168;N;N;15.7;Sim
PE56;3;3002370;N;N;15.6;Sim
PE56;4;3003971;N;N;14.9;Sim
PE56;5;3000199;N;N;14.5;Sim
PE56;6;3003671;N;N;14;Não
PE56;7;3002962;N;N;14;Não
PE56;8;3001343;N;N;13.8;Não
PE56;9;3001083;N;N;13.7;Não
PE56;10;3000905;N;S;13;Sim
PE56;11;3003052;N;N;12.8;Não
PE56;12;3000011;N;N;12.4;Não
PE56;13;3002573;N;N;12.4;Não
PE56;14;3000963;N;N;12.4;Não
PE56;15;3000285;N;N;12.2;Não
PE56;16;3003262;N;N;12.1;Não
PE56;17;3004142;N;N;12;Não
PE56;18;3001790;N;N;12;Não
PE56;19;3001644;N;N;11.9;Não
PE56;20;3001337;N;N;11.7;Não
PE56;21;3000032;N;N;11.7;Não
PE56;22;3002840;N;N;11.6;Não
PE56;23;3001156;N;N;11.6;Não
PE56;24;3001681;N;N;11.5;Não
PE56;25;3000550;N;N;11.5;Não
PE56;26;3002800;N;N;11.3;Não
PE56;27;3004635;N;N;11.3;Não
PE56;28;3004501;N;N;11.2;Não
PE56;29;3001668;N;N;11.2;Não
PE56;30;3000182;N;N;11.1;Não
PE56;31;3003179;S;N;11.1;Sim
PE56;32;3002036;N;N;10.9;Não
PE56;33;3000152;N;N;10.8;Não
PE56;34;3000050;N;N;10.6;Não
PE56;35;3003093;S;N;10.5;Sim
PE56;36;3000337;S;N;10.5;Sim
PE56;37;3003046;N;N;10.5;Não
PE56;38;3002268;N;N;10.1;Não
PE56;39;3002259;N;N;10;Não
PE57;1;3003164;N;N;11.8;Sim
PE57;2;3001952;N;N;11.6;Sim
PE57;3;3003521;N;N;10.6;Sim
PE57;4;3000595;N;N;10.3;Sim
PE58;1;3002372;N;N;89;Sim
PE58;2;3002769;N;N;87;Sim
PE58;3;3002832;N;N;68;Sim
PE58;4;3003838;N;N;60;Sim
PE58;5;3000945;N;N;60;Sim
PE58;6;3002531;N;N;58;Não
PE58;7;3000999;N;N;50;Não
PE59;1;3002440;N;S;87.32;Sim
PE59;2;3000027;N;N;86.125;Sim
PE59;3;3001672;N;N;85.5;Sim
PE59;4;3000772;S;N;78;Sim
PE59;5;3001192;N;N;74.625;Sim
PE59;6;3001096;N;N;72.075;Não
PE59;7;3002302;N;N;71.875;Não
PE59;8;3003319;N;N;69.25;Não
PE59;9;3004027;N;N;63.75;Não
PE59;10;3003250;N;N;62.075;Não
PE59;11;3001336;N;N;60.375;Não
PE59;12;3002033;N;N;58.875;Não
PE59;13;3004045;N;N;56.625;Não
PE59;14;3001911;S;N;55.625;Sim
PE60;1;3000363;N;N;18;Sim
PE60;2;3004781;N;N;15.5;Sim
PE60;3;3001991;N;N;15;Sim
PE60;4;3004347;N;N;14.5;Sim
PE60;5;3002929;N;N;14.5;Sim
PE60;6;3001379;N;N;13.5;Não
PE60;7;3003332;N;N;12.5;Não
PE60;8;3002144;N;N;12;Não
PE60;9;3003082;S;N;12;Sim
PE60;10;3004214;N;N;10;Não
PE61;1;3000106;N;N;19.6;Sim
PE61;2;3001532;S;N;19.5;Sim
PE61;3;3002279;N;N;19.5;Sim
PE61;4;3003018;S;N;18.6;Sim
PE61;5;3002149;S;N;18.6;Sim
PE61;6;3003678;N;N;17.8;Não
PE61;7;3001472;N;N;17.8;Não
PE61;8;3003426;N;N;17.8;Não
PE61;9;3002864;N;N;17.5;Não
PE61;10;3003252;S;N;17.5;Sim
PE61;11;3003570;S;N;17;Sim
PE61;12;3003816;N;N;16.3;Não
PE61;13;3002672;N;N;16.2;Não
PE61;14;3001403;N;N;16;Não
PE61;15;3003477;N;N;15.9;Não
PE61;16;3001780;N;N;15.6;Não
PE61;17;3003707;N;N;15.5;Não
PE61;18;3001364;N;N;15.5;Não
PE61;19;3003213;S;N;15.5;Sim
PE61;20;3004616;N;S;15.4;Sim
PE61;21;3001032;N;N;15.3;Não
PE61;22;3000198;N;N;15;Não
PE61;23;3002117;N;N;14.5;Não
PE61;24;3001794;N;N;14.4;Não
PE61;25;3003458;N;N;14.4;Não
PE61;26;3002824;S;N;13.8;Sim
PE61;27;3004384;S;N;13;Sim
PE61;28;3004177;N;N;12.5;Não
PE61;29;3003619;N;N;12.5;Não
PE61;30;3000815;N;S;12;Sim
PE61;31;3004118;N;N;11;Não
PE61;32;3003969;N;N;11;Não
PE61;33;3000437;N;N;10.5;Não
PE61;34;3002131;S;N;10.5;Sim
PE61;35;3002156;N;N;10.5;Não
PE61;36;3000385;N;N;10.2;Não
PE61;37;3004267;N;N;10;Não
PE61;38;3001937;N;N;10;Não
PE61;39;3000899;S;N;10;Sim
PE62;1;3004436;N;N;17.75;Sim
PE62;2;3000800;N;N;16.5;Sim
PE62;3;3002636;N;N;15.9;Sim
PE62;4;3000576;N;N;13.9;Sim
PE62;5;3003239;S;N;12.8;Sim
PE62;6;3002256;S;N;12;Sim
PE62;7;3004491;N;N;11.7;Não
PE62;8;3001634;S;N;10.5;Sim
PE62;9;3002919;N;N;10.3;Não
PE63;1;3002609;N;N;17.5;Sim
PE63;2;3000405;N;N;16.5;Sim
PE63;3;3000021;N;N;15.5;Sim
PE63;4;3004173;N;N;15.5;Sim
PE63;5;3004556;N;N;15;Sim
PE63;6;3001678;N;N;15;Sim
PE63;7;3002556;N;N;14;Não
PE63;8;3002985;S;N;14;Sim
PE63;9;3001162;N;N;13.5;Não
PE63;10;3004295;N;S;13.5;Sim
PE63;11;3003952;N;N;13.5;Não
PE63;12;3002721;N;N;13;Não
PE63;13;3003185;N;N;13;Não
PE63;14;3002546;N;N;13;Não
PE63;15;3004509;N;N;12.5;Não
PE63;16;3001079;N;N;12.5;Não
PE63;17;3001145;N;N;12;Não
PE63;18;3002452;N;N;12;Não
PE63;19;3000803;S;N;12;Sim
PE63;20;3003769;S;N;12;Sim
PE63;21;3000238;N;N;11.5;Não
PE63;22;3004818;N;N;11.5;Não
PE63;23;3003476;S;N;10.5;Sim
PE63;24;3001695;S;N;10;Sim
PE64;1;3004282;N;N;19.5;Sim
PE64;2;3001776;N;N;17;Sim
PE64;3;3004503;S;N;10.4;Sim
PE64;4;3001150;S;N;10.1;Sim
PE65;1;3003418;N;N;17.8;Sim
PE65;2;3003307;N;N;17;Sim
PE65;3;3002932;N;N;16;Sim
PE65;4;3000187;N;N;15.5;Sim
PE65;5;3003058;S;N;15.5;Sim
PE65;6;3003065;N;N;14;Sim
PE65;7;3003037;N;N;14;Sim
PE65;8;3000408;S;N;13.6;Sim
PE65;9;3003298;N;N;13;Sim
PE65;10;3004206;N;N;13;Sim
PE65;11;3002412;N;N;12;Não
PE65;12;3003803;N;N;10.8;Não
PE65;13;3002129;N;N;10;Não
PE66;1;3000076;N;N;98;Sim
PE66;2;3004125;N;N;90.5;Sim
PE66;3;3003556;N;N;80.5;Sim
PE67;1;3000713;S;N;95;Sim
PE67;2;3001652;S;N;75;Sim
PE67;3;3003597;S;N;70;Sim
PE67;4;3003116;N;N;65;Sim
PE67;5;3000393;N;N;60;Sim
PE67;6;3003510;N;N;60;Sim
PE67;7;3001723;N;N;50;Não
PE68;1;3001558;N;N;86;Sim
PE68;2;3000387;N;N;79;Sim
PE68;3;3004036;N;N;64.1;Sim
PE68;4;3003693;N;N;62;Sim
PE68;5;3004174;N;N;61.5;Sim
PE69;1;3002818;N;N;93;Sim
PE69;2;3000845;N;N;91;Sim
PE69;3;3001489;N;N;83;Sim
PE69;4;3002805;N;N;71;Sim
PE69;5;3003643;N;N;71;Sim
PE69;6;3004349;N;N;69;Não
PE69;7;3002777;N;N;68;Não
PE69;8;3002142;N;N;61;Não
PE69;9;3004211;N;N;60;Não
PE69;10;3003664;N;N;53;Não
PE69;11;3003436;S;N;53;Sim
PE69;12;3003323;N;N;50;Não
PE70;1;3002336;N;N;72;Sim
PE70;2;3003464;N;N;70;Sim
PE70;3;3002749;N;N;70;Sim
PE71;1;3001873;N;N;86.75;Sim
PE71;2;3002356;S;N;67.24;Sim
PE71;3;3001376;N;N;64;Sim
PE71;4;3002338;N;N;59;Sim
PE71;5;3002306;N;N;52.5;Sim
PE72;1;3003692;N;N;92.5;Sim
PE72;2;3000648;N;N;90;Sim
PE72;3;3002346;N;N;77.5;Sim
PE73;4;3002988;N;N;87;Sim
PE73;5;3001925;N;N;70;Sim
PE73;6;3001614;S;N;67;Sim
PE73;7;3000500;N;N;58;Sim
PE74;1;3000638;N;N;140;Sim
PE74;2;3002633;N;N;110;Sim
PE74;3;3004110;N;N;100;Sim
PE75;1;3001564;N;N;168;Sim
PE75;2;3001092;N;N;125;Sim
PE75;3;3003523;N;N;125;Sim
PE76;12;3003044;N;N;138.73;Sim
PE76;2;3001440;N;N;126.45;Sim
PE76;3;3002886;S;N;125.41;Sim
PE76;4;3002155;S;N;122.5;Sim
PE77;1;3000123;N;N;180;Sim
PE77;2;3003443;N;N;180;Sim
PE77;3;3003038;N;N;178;Sim
PE77;4;3004200;N;N;165;Sim
PE77;5;3003382;N;N;160;Sim
PE77;6;3003144;N;N;150;Não
PE77;7;3002349;N;N;140;Não
PE77;8;3003061;S;N;135;Sim
PE77;9;3002371;N;N;135;Não
PE77;10;3003135;N;N;128;Não
PE77;11;3000820;N;N;125;Não
PE77;12;3002667;N;N;125;Não
PE77;13;3000632;N;N;125;Não
PE77;14;3003673;N;N;120;Não
PE77;15;3001487;N;N;113;Não
PE77;16;3002323;S;N;110;Sim
PE77;17;3004320;N;N;110;Não
PE77;18;3000151;S;N;108;Sim
PE77;19;3000553;S;N;105;Sim
PE77;20;3001381;S;N;105;Sim
PE77;21;3003788;N;N;100;Não
PE77;22;3002760;N;N;100;Não
PE78;1;3001521;N;N;192;Sim
PE78;2;3003685;N;N;184;Sim
PE78;3;3003151;N;N;184;Sim
PE78;4;3001949;N;N;182;Sim
PE78;5;3002709;N;N;180;Sim
PE78;6;3001666;N;N;180;Sim
PE78;7;3003539;N;N;178;Sim
PE78;8;3000651;N;N;176;Sim
PE78;9;3001814;N;N;175;Sim
PE78;10;3002856;S;N;173;Sim
PE78;11;3001011;S;N;168;Sim
PE78;12;3001788;N;N;166;Não
PE78;13;3004179;N;N;165;Não
PE78;14;3000596;N;N;163;Não
PE78;15;3000138;N;N;163;Não
PE78;16;3003353;S;N;160;Sim
PE78;17;3001899;S;N;160;Sim
PE78;18;3001817;N;N;160;Não
PE78;19;3004070;N;N;155;Não
PE78;20;3002857;N;N;155;Não
PE78;21;3002878;N;N;155;Não
PE78;22;3000878;N;N;151;Não
PE78;23;3001457;N;N;150;Não
PE78;24;3000510;N;N;150;Não
PE78;25;3000236;S;N;150;Sim
PE78;26;3001516;N;N;150;Não
PE78;27;3002661;S;N;145;Sim
PE78;28;3001360;N;N;135;Não
PE78;29;3000029;N;N;135;Não
PE78;30;3002032;N;N;135;Não
PE78;31;3004124;S;N;125;Sim
PE78;32;3004274;N;N;120;Não
PE78;33;3004426;N;N;120;Não
PE78;34;3004788;S;N;110;Sim
PE78;35;3003844;N;N;110;Não
PE79;1;3002159;N;N;170;Sim
PE79;2;3000381;N;N;124;Sim
PE79;3;3002202;N;N;124;Sim
PE80;1;3001179;N;N;158;Sim
PE80;2;3003654;N;N;138;Sim
PE80;3;3003670;N;N;138;Sim
PE80;4;3002543;N;N;132;Sim
PE80;5;3002091;N;N;124;Sim
PE80;6;3000729;N;N;120;Não
PE80;7;3002779;N;N;120;Não
PE80;8;3002072;N;N;120;Não
PE80;9;3001294;N;N;114;Não
PE80;10;3003047;N;N;104;Não
PE80;11;3004535;N;N;102;Não
PE80;12;3001624;N;N;102;Não
PE80;13;3003425;N;N;100;Não
PE80;14;3004032;N;N;100;Não
PE81;1;3002624;N;N;93;Sim
PE81;2;3001330;N;N;92;Sim
PE81;3;3002681;N;N;88;Sim
PE81;4;3001484;N;N;87;Sim
PE81;5;3003396;N;N;82;Sim
PE81;6;3003068;N;N;71;Não
PE81;7;3004714;N;N;67;Não
PE81;8;3003139;N;N;67;Não
PE81;9;3002908;N;N;67;Não
PE81;10;3000088;N;N;55;Não
PE81;11;3001111;N;N;52;Não
PE82;1;3002092;N;S;100;Sim
PE82;2;3003221;N;N;100;Sim
PE82;3;3004360;S;N;99;Sim
PE82;4;3002315;N;N;91;Sim
PE82;5;3003195;N;N;90;Sim
PE82;6;3003811;N;N;89;Sim
PE82;7;3001422;N;N;87;Sim
PE82;8;3003174;S;N;85;Sim
PE82;9;3000750;N;N;82;Sim
PE82;10;3000658;N;N;80;Sim
PE82;11;3002728;S;N;74;Sim
PE82;12;3001104;N;N;74;Não
PE82;13;3002434;N;N;73;Não
PE82;14;3004506;N;N;71;Não
PE82;15;3002601;N;N;62;Não
PE82;16;3000542;N;N;58;Não
PE82;17;3002314;N;N;57;Não
PE82;18;3002121;S;N;56;Sim
PE82;19;3000181;S;N;54;Sim
PE82;20;3003325;N;N;53;Não
PE82;21;3002835;N;N;53;Não
PE83;1;3004016;N;N;80;Sim
PE83;2;3004405;S;N;77;Sim
PE83;3;3004345;N;N;76;Sim
PE83;4;3001585;N;N;75;Sim
PE83;5;3002329;N;N;72;Sim
PE83;6;3000627;N;N;70;Não
PE83;7;3000371;N;N;66;Não
PE83;8;3001550;N;N;65;Não
PE83;9;3003730;N;N;64;Não
PE83;10;3004358;N;N;63;Não
PE83;11;3002213;S;N;63;Sim
PE83;12;3003147;N;N;59;Não
PE83;13;3003271;N;N;59;Não
PE83;14;3000774;N;N;58;Não
PE83;15;3004059;N;N;58;Não
PE83;16;3000409;N;N;57;Não
PE83;17;3001583;N;N;57;Não
PE83;18;3003785;N;N;56;Não
PE83;19;3003968;N;N;55;Não
PE83;20;3002737;N;N;54;Não
PE83;21;3003301;N;N;53;Não
PE83;22;3000537;N;N;53;Não
PE83;23;3002485;N;N;53;Não
PE83;24;3004539;N;N;50;Não
PE84;1;3002158;N;N;81;Sim
PE84;2;3003807;N;N;66;Sim
PE84;3;3000570;N;N;61;Sim
PE84;4;3000682;N;N;58;Sim
PE84;5;3003094;N;N;56;Sim
PE84;6;3000751;N;N;55;Não
PE84;7;3002500;N;N;53;Não
PE84;8;3002249;N;N;51;Não
PE85;1;3001390;N;N;74.6;Sim
PE85;2;3003623;N;N;73.3;Sim
PE85;3;3002375;N;N;59.6;Sim
PE85;4;3002950;N;N;59;Sim
PE85;5;3000108;N;N;55.2;Sim
PE86;1;3002376;N;N;85;Sim
PE86;2;3000520;N;N;85;Sim
PE86;3;3001059;N;N;80;Sim
PE86;4;3000084;N;N;75;Sim
PE86;5;3001571;N;N;70;Sim
PE86;6;3003317;N;N;67.5;Sim
PE86;7;3002471;N;N;60;Sim
PE86;8;3000649;N;N;57.5;Sim
PE86;9;3001687;N;N;55;Sim
PE86;10;3001675;N;N;50;Sim
PE87;1;3003160;N;S;92;Sim
PE87;2;3004014;N;N;75;Sim
PE87;3;3001212;N;N;75;Sim
PE87;4;3001792;N;N;72;Sim
PE87;5;3002980;N;N;72;Sim
PE87;6;3002706;N;N;64;Sim
PE87;7;3001906;N;N;62;Sim
PE87;8;3004092;N;N;62;Sim
PE87;9;3002816;N;N;60;Sim
PE87;10;3000094;N;N;50;Sim
PE88;1;3002019;N;N;95;Sim
PE88;2;3001970;N;N;92;Sim
PE88;3;3001432;N;N;92;Sim
PE88;4;3002670;N;N;90;Sim
PE88;5;3004053;N;N;85;Sim
PE88;6;3000107;N;N;85;Sim
PE88;7;3003845;N;N;80;Sim
PE88;8;3001924;N;N;80;Sim
PE88;9;3003904;N;N;75;Sim
PE88;10;3000137;N;N;75;Sim
PE88;11;3002353;S;N;70;Sim
PE88;12;3000059;S;N;70;Sim
PE88;13;3002922;N;N;65;Não
PE88;14;3001415;N;N;65;Não
PE88;15;3003893;N;N;65;Não
PE88;16;3001630;N;N;65;Não
PE88;17;3003494;N;N;60;Não
PE88;18;3000149;N;N;60;Não
PE88;19;3000707;N;N;60;Não
PE88;20;3003352;N;N;55;Não
PE88;21;3002783;N;N;55;Não
PE88;22;3000781;N;N;50;Não
PE88;23;3004204;N;N;50;Não
PE88;24;3000347;S;N;50;Sim
PE89;1;3002952;N;N;88;Sim
PE89;2;3002403;N;N;81;Sim
PE89;3;3002044;N;N;81;Sim
PE89;4;3003485;N;N;73;Sim
PE89;5;3000286;S;N;73;Sim
PE89;6;3002146;N;N;71;Sim
PE89;7;3003884;N;N;69;Sim
PE89;8;3003419;N;N;69;Sim
PE89;9;3003354;S;N;68;Sim
PE89;10;3002734;N;N;65;Sim
PE89;11;3003827;N;N;64;Não
PE89;12;3000121;N;N;63;Não
PE89;13;3000611;N;N;63;Não
PE89;14;3002377;N;N;59;Não
PE89;15;3002074;N;N;58;Não
PE89;16;3002905;N;N;58;Não
PE89;17;3003768;N;N;58;Não
PE89;18;3002114;N;N;57;Não
PE89;19;3003512;N;N;53;Não
PE89;20;3003864;N;N;53;Não
PE89;21;3002052;N;N;52;Não
PE89;22;3002262;N;N;52;Não
PE89;23;3001665;N;N;51;Não
PE90;1;3001684;N;N;100;Sim
PE90;2;3000366;N;N;100;Sim
PE90;3;3003405;N;S;100;Sim
PE90;4;3000294;N;N;100;Sim
PE90;5;3000116;N;N;100;Sim
PE90;6;3000170;N;N;99;Não
PE90;7;3001603;N;N;99;Não
PE90;8;3001968;N;N;98;Não
PE90;9;3002230;N;N;96;Não
PE90;10;3000741;N;N;96;Não
PE90;11;3003936;N;N;95;Não
PE90;12;3001427;N;N;93;Não
PE90;13;3002381;N;N;91;Não
PE90;14;3003482;N;N;91;Não
PE90;15;3002941;S;N;90;Sim
PE90;16;3003614;N;N;90;Não
PE90;17;3001832;N;N;90;Não
PE90;18;3002497;N;N;89;Não
PE90;19;3001612;N;N;88;Não
PE90;20;3002334;N;N;88;Não
PE90;21;3001383;N;N;88;Não
PE90;22;3002617;S;N;87;Sim
PE90;23;3001756;N;N;87;Não
PE90;24;3004310;N;N;87;Não
PE90;25;3004119;N;N;86;Não
PE90;26;3002244;N;N;84;Não
PE90;27;3000556;N;N;84;Não
PE90;28;3001461;N;N;83;Não
PE90;29;3002433;N;S;82;Sim
PE90;30;3000858;N;N;80;Não
PE90;31;3000202;N;N;80;Não
PE90;32;3000673;N;N;80;Não
PE90;33;3004715;S;N;78;Sim
PE90;34;3002195;N;N;78;Não
PE90;35;3002251;N;N;77;Não
PE90;36;3001818;N;N;77;Não
PE90;37;3000153;N;N;76;Não
PE90;38;3002437;N;N;75;Não
PE90;39;3001471;N;N;75;Não
PE90;40;3002727;N;N;75;Não
PE90;41;3003723;N;N;72;Não
PE90;42;3001961;N;N;69;Não
PE90;43;3003944;N;N;69;Não
PE90;44;3000166;S;N;69;Sim
PE90;45;3000644;N;N;67;Não
PE90;46;3001663;N;N;67;Não
PE90;47;3002823;N;N;61;Não
PE90;48;3003454;N;N;60;Não
PE90;49;3002224;N;N;59;Não
PE90;50;3004172;N;N;55;Não
PE90;51;3003602;N;N;55;Não
