Cargo;Class;Inscrição;Concorre Vagas Negros;Concorre Vagas PCD;NFObj;Selecionado para correção da prova discursiva
AN01;1;1000393;S;N;57;Sim
AN01;2;1012521;N;N;57;Sim
AN01;3;1003679;S;N;56;Sim
AN01;4;1007579;S;N;56;Sim
AN01;5;1002302;N;N;56;Sim
AN01;6;1010600;N;N;55;Sim
AN01;7;1000492;N;N;55;Sim
AN01;8;1011478;N;N;55;Sim
AN01;9;1001874;N;N;54;Sim
AN01;10;1003465;N;N;53;Sim
AN01;11;1011551;N;N;53;Sim
AN01;12;1007384;S;N;53;Sim
AN01;13;1009790;N;N;53;Sim
AN01;14;1006323;N;N;53;Sim
AN01;15;1013144;N;N;53;Sim
AN01;16;1005143;N;N;53;Sim
AN01;17;1011081;N;N;53;Sim
AN01;18;1011036;S;N;53;Sim
AN01;19;1008490;N;N;52;Sim
AN01;20;1014119;N;N;52;Sim
AN01;21;1011903;N;N;52;Sim
AN01;22;1001541;N;N;52;Sim
AN01;23;1012323;N;S;52;Sim
AN01;24;1011358;N;N;52;Sim
AN01;25;1008895;N;N;52;Sim
AN01;26;1012291;S;N;52;Sim
AN01;27;1000654;S;N;52;Sim
AN01;28;1003251;S;N;52;Sim
AN01;29;1010272;S;N;52;Sim
AN01;30;1001153;N;N;52;Sim
AN01;31;1005925;N;N;52;Sim
AN01;32;1000072;S;N;52;Sim
AN01;33;1008302;N;N;52;Sim
AN01;34;1010535;N;N;52;Sim
AN01;35;1000530;S;N;51;Sim
AN01;36;1009487;S;N;51;Sim
AN01;37;1003135;N;N;51;Sim
AN01;38;1002946;S;N;51;Sim
AN01;39;1011415;N;N;51;Sim
AN01;40;1012524;N;N;51;Sim
AN01;41;1002409;N;N;51;Sim
AN01;42;1010979;N;N;51;Sim
AN01;43;1000444;S;N;50;Sim
AN01;44;1006895;N;N;50;Sim
AN01;45;1002232;N;N;50;Sim
AN01;46;1005438;N;N;50;Sim
AN01;47;1010947;N;N;50;Sim
AN01;48;1003090;N;N;50;Sim
AN01;49;1001682;N;N;50;Sim
AN01;50;1014707;N;N;50;Sim
AN01;51;1007418;N;N;50;Sim
AN01;52;1000529;S;N;50;Sim
AN01;53;1008266;N;N;50;Sim
AN01;54;1010406;S;N;50;Sim
AN01;55;1000056;S;N;50;Sim
AN01;56;1001758;S;N;49;Sim
AN01;57;1007451;N;N;49;Sim
AN01;58;1012162;N;N;49;Sim
AN01;59;1007607;N;N;49;Sim
AN01;60;1012731;S;N;49;Sim
AN01;61;1012392;S;N;49;Sim
AN01;62;1000875;N;N;49;Sim
AN01;63;1000556;S;N;49;Sim
AN01;64;1008493;N;N;49;Sim
AN01;65;1014115;N;N;48;Sim
AN01;66;1013128;N;N;48;Sim
AN01;67;1000102;N;N;48;Sim
AN01;68;1008574;N;N;48;Sim
AN01;69;1000880;N;N;48;Sim
AN01;70;1009992;S;N;48;Sim
AN01;71;1007019;N;N;48;Sim
AN01;72;1009595;N;N;48;Sim
AN01;73;1002650;N;N;48;Sim
AN01;74;1003467;N;N;48;Sim
AN01;75;1006254;N;N;48;Sim
AN01;76;1000059;S;N;48;Sim
AN01;77;1005381;N;N;48;Sim
AN01;78;1001561;N;N;48;Sim
AN01;79;1004586;S;N;48;Sim
AN01;80;1003723;N;N;48;Sim
AN01;81;1010657;N;N;48;Sim
AN01;82;1007085;N;N;47;Não
AN01;83;1001585;N;N;47;Não
AN01;84;1000609;N;N;47;Não
AN01;85;1011041;N;N;47;Não
AN01;86;1001289;N;N;47;Não
AN01;87;1010166;N;N;47;Não
AN01;88;1012803;N;N;47;Não
AN01;89;1008644;N;N;47;Não
AN01;90;1007508;N;N;47;Não
AN01;91;1001661;N;N;47;Não
AN01;92;1008993;N;N;47;Não
AN01;93;1003337;N;N;47;Não
AN01;94;1003767;N;N;47;Não
AN01;95;1014643;S;N;47;Sim
AN01;96;1002464;N;N;47;Não
AN01;97;1005663;S;N;47;Sim
AN01;98;1004150;N;N;46;Não
AN01;99;1012917;N;S;46;Sim
AN01;100;1010426;N;N;46;Não
AN01;101;1004529;S;N;46;Sim
AN01;102;1006899;N;N;46;Não
AN01;103;1010195;N;N;46;Não
AN01;104;1001300;N;N;46;Não
AN01;105;1011243;N;N;46;Não
AN01;106;1009703;N;N;46;Não
AN01;107;1011672;N;N;46;Não
AN01;108;1009543;N;N;46;Não
AN01;109;1012976;N;N;46;Não
AN01;110;1002812;N;N;46;Não
AN01;111;1002852;N;N;46;Não
AN01;112;1001147;N;N;46;Não
AN01;113;1011826;N;N;46;Não
AN01;114;1010264;N;N;46;Não
AN01;115;1010492;N;N;46;Não
AN01;116;1009272;S;N;46;Sim
AN01;117;1008886;N;N;45;Não
AN01;118;1005626;N;N;45;Não
AN01;119;1005260;N;N;45;Não
AN01;120;1007736;S;N;45;Sim
AN01;121;1005197;N;N;45;Não
AN01;122;1006389;N;N;45;Não
AN01;123;1005007;N;N;45;Não
AN01;124;1012112;S;N;45;Sim
AN01;125;1009872;S;N;45;Sim
AN01;126;1013611;S;N;45;Sim
AN01;127;1001752;N;N;45;Não
AN01;128;1008666;N;N;45;Não
AN01;129;1000232;N;N;45;Não
AN01;130;1000433;N;N;45;Não
AN01;131;1010894;N;N;45;Não
AN01;132;1002341;N;N;45;Não
AN01;133;1009146;N;N;45;Não
AN01;134;1011809;N;N;45;Não
AN01;135;1001671;S;N;45;Sim
AN01;136;1011871;N;N;45;Não
AN01;137;1010279;N;N;45;Não
AN01;138;1011486;N;N;44;Não
AN01;139;1012620;S;N;44;Sim
AN01;140;1011003;N;N;44;Não
AN01;141;1010603;N;N;44;Não
AN01;142;1013593;N;N;44;Não
AN01;143;1000369;N;N;44;Não
AN01;144;1007582;N;N;44;Não
AN01;145;1000442;S;N;44;Sim
AN01;146;1010172;N;N;44;Não
AN01;147;1010730;N;N;44;Não
AN01;148;1003859;S;N;44;Sim
AN01;149;1007398;N;N;44;Não
AN01;150;1000592;N;N;44;Não
AN01;151;1004083;N;N;44;Não
AN01;152;1006133;N;N;44;Não
AN01;153;1007557;S;N;44;Sim
AN01;154;1003839;S;N;44;Sim
AN01;155;1001839;N;N;44;Não
AN01;156;1001435;S;N;43;Sim
AN01;157;1003824;S;N;43;Sim
AN01;158;1009098;S;N;43;Sim
AN01;159;1010332;N;N;43;Não
AN01;160;1001822;N;N;43;Não
AN01;161;1006986;N;N;43;Não
AN01;162;1007171;N;N;43;Não
AN01;163;1003934;S;N;43;Sim
AN01;164;1011851;N;N;43;Não
AN01;165;1010045;N;N;43;Não
AN01;166;1007010;N;N;43;Não
AN01;167;1012800;N;N;43;Não
AN01;168;1007160;S;N;43;Sim
AN01;169;1006912;N;N;43;Não
AN01;170;1008817;N;N;43;Não
AN01;171;1000290;N;N;43;Não
AN01;172;1003231;N;N;43;Não
AN01;173;1001663;N;N;43;Não
AN01;174;1012018;S;N;43;Sim
AN01;175;1003777;S;N;43;Sim
AN01;176;1007725;N;N;43;Não
AN01;177;1001190;S;N;42;Sim
AN01;178;1009291;N;N;42;Não
AN01;179;1009448;N;N;42;Não
AN01;180;1000982;N;N;42;Não
AN01;181;1005963;N;N;42;Não
AN01;182;1000713;N;N;42;Não
AN01;183;1003215;N;N;42;Não
AN01;184;1013205;N;N;42;Não
AN01;185;1002612;S;N;42;Sim
AN01;186;1006493;N;N;42;Não
AN01;187;1013909;N;N;42;Não
AN01;188;1002465;N;N;42;Não
AN01;189;1013025;N;N;42;Não
AN01;190;1001242;N;N;42;Não
AN01;191;1009782;S;N;42;Sim
AN01;192;1003925;S;N;42;Sim
AN01;193;1000418;N;N;42;Não
AN01;194;1003446;N;N;42;Não
AN01;195;1000380;S;N;42;Sim
AN01;196;1014598;N;N;42;Não
AN01;197;1002656;N;N;42;Não
AN01;198;1005946;N;N;42;Não
AN01;199;1012971;N;N;42;Não
AN01;200;1008935;N;N;42;Não
AN01;201;1010214;N;N;42;Não
AN01;202;1006144;N;N;42;Não
AN01;203;1012906;N;N;42;Não
AN01;204;1000086;S;N;42;Sim
AN01;205;1006250;S;N;42;Sim
AN01;206;1009160;S;N;42;Sim
AN01;207;1001632;N;N;41;Não
AN01;208;1007129;N;N;41;Não
AN01;209;1014335;N;N;41;Não
AN01;210;1002883;N;N;41;Não
AN01;211;1007222;N;N;41;Não
AN01;212;1010125;S;N;41;Sim
AN01;213;1013289;N;N;41;Não
AN01;214;1009533;N;N;41;Não
AN01;215;1000055;N;N;41;Não
AN01;216;1004016;N;N;41;Não
AN01;217;1011360;N;N;40;Não
AN01;218;1006607;N;N;40;Não
AN01;219;1002574;N;N;40;Não
AN01;220;1008804;S;N;40;Sim
AN01;221;1006510;N;N;40;Não
AN01;222;1012185;N;N;40;Não
AN01;223;1012476;S;N;40;Sim
AN01;224;1011612;N;N;40;Não
AN01;225;1006456;N;N;40;Não
AN01;226;1012316;N;N;40;Não
AN01;227;1010791;N;N;40;Não
AN01;228;1003874;N;N;40;Não
AN01;229;1004587;N;N;40;Não
AN01;230;1013267;S;N;39;Sim
AN01;231;1003471;N;N;39;Não
AN01;232;1011096;N;N;39;Não
AN01;233;1009331;N;N;39;Não
AN01;234;1004883;N;N;39;Não
AN01;235;1001916;N;N;39;Não
AN01;236;1012458;S;N;39;Sim
AN01;237;1009084;S;N;39;Sim
AN01;238;1005720;N;N;39;Não
AN01;239;1008937;N;N;39;Não
AN01;240;1014679;N;N;39;Não
AN01;241;1005870;S;N;39;Sim
AN01;242;1010537;S;N;38;Sim
AN01;243;1009920;N;N;38;Não
AN01;244;1002771;N;N;38;Não
AN01;245;1007650;S;N;38;Sim
AN01;246;1009541;N;N;38;Não
AN01;247;1002728;N;N;38;Não
AN01;248;1011201;N;N;38;Não
AN01;249;1009103;S;N;38;Sim
AN01;250;1010403;N;N;38;Não
AN01;251;1012279;S;N;38;Sim
AN01;252;1009224;S;N;38;Sim
AN01;253;1014174;N;N;37;Não
AN01;254;1007948;N;N;37;Não
AN01;255;1001415;S;N;37;Sim
AN01;256;1010597;S;N;37;Sim
AN01;257;1013523;S;N;37;Sim
AN01;258;1000563;N;N;37;Não
AN01;259;1003539;N;N;37;Não
AN01;260;1003868;N;N;37;Não
AN01;261;1004496;S;N;37;Sim
AN01;262;1010390;S;N;37;Sim
AN01;263;1001074;N;N;37;Não
AN01;264;1007726;N;N;37;Não
AN01;265;1014813;S;N;36;Sim
AN01;266;1008026;N;N;36;Não
AN01;267;1006088;S;N;36;Sim
AN01;268;1014446;N;N;36;Não
AN01;269;1006158;S;N;36;Sim
AN01;270;1011956;N;N;36;Não
AN01;271;1011178;N;N;36;Não
AN01;272;1001105;S;N;36;Sim
AN01;273;1005265;N;N;36;Não
AN01;274;1000082;N;N;36;Não
AN01;275;1006645;N;N;36;Não
AN01;276;1002439;S;N;36;Sim
AN01;277;1011879;N;N;36;Não
AN01;278;1000620;N;N;35;Não
AN01;279;1005313;N;N;35;Não
AN01;280;1013583;N;N;35;Não
AN01;281;1013841;S;N;34;Sim
AN01;282;1012012;N;N;34;Não
AN01;283;1007926;S;N;34;Sim
AN01;284;1012797;N;N;34;Não
AN01;285;1010205;N;N;33;Não
AN01;286;1004707;S;N;33;Sim
AN01;287;1013762;N;N;33;Não
AN01;288;1009428;N;N;32;Não
AN01;289;1009535;N;N;32;Não
AN01;290;1010786;N;N;32;Não
AN01;291;1003860;N;N;32;Não
AN01;292;1006130;N;S;32;Sim
AN01;293;1004470;N;N;32;Não
AN01;294;1004105;S;N;31;Sim
AN01;295;1006967;S;N;31;Sim
AN01;296;1006708;N;N;31;Não
AN01;297;1005116;N;N;30;Não
AN01;298;1008958;N;N;30;Não
AN01;299;1005314;S;N;30;Sim
AN01;300;1003348;N;N;30;Não
AN01;301;1002353;N;N;30;Não
AN01;302;1005545;N;N;30;Não
AN02;1;1006807;S;N;52;Sim
AN02;2;1002472;N;N;50;Sim
AN02;3;1002455;N;N;50;Sim
AN02;4;1000229;N;N;49;Sim
AN02;5;1003225;S;N;49;Sim
AN02;6;1006205;N;N;49;Sim
AN02;7;1001379;N;N;49;Sim
AN02;8;1003047;N;N;48;Sim
AN02;9;1000642;N;N;48;Sim
AN02;10;1007213;S;N;48;Sim
AN02;11;1001337;N;N;48;Sim
AN02;12;1000826;N;N;48;Sim
AN02;13;1006446;N;S;48;Sim
AN02;14;1010385;N;N;48;Sim
AN02;15;1008638;N;N;47;Sim
AN02;16;1011492;S;N;47;Sim
AN02;17;1007704;N;N;47;Sim
AN02;18;1003564;N;N;47;Sim
AN02;19;1009754;N;N;47;Sim
AN02;20;1012744;S;N;47;Sim
AN02;21;1009819;N;N;47;Sim
AN02;22;1001992;N;N;47;Sim
AN02;23;1008470;N;N;47;Sim
AN02;24;1002696;S;N;47;Sim
AN02;25;1012954;N;N;47;Sim
AN02;26;1004250;N;N;47;Sim
AN02;27;1000835;N;N;46;Sim
AN02;28;1001618;N;N;46;Sim
AN02;29;1007290;N;N;46;Sim
AN02;30;1011071;N;N;46;Sim
AN02;31;1000761;N;N;46;Sim
AN02;32;1011193;N;N;46;Sim
AN02;33;1004291;N;S;46;Sim
AN02;34;1005509;S;N;46;Sim
AN02;35;1006921;N;N;46;Sim
AN02;36;1007368;S;N;46;Sim
AN02;37;1008590;N;N;46;Sim
AN02;38;1009351;N;N;45;Sim
AN02;39;1003696;N;N;45;Sim
AN02;40;1000054;S;N;45;Sim
AN02;41;1012891;N;N;45;Sim
AN02;42;1011976;N;N;45;Sim
AN02;43;1011282;N;S;45;Sim
AN02;44;1003064;N;N;45;Sim
AN02;45;1010885;N;N;45;Sim
AN02;46;1005730;S;N;45;Sim
AN02;47;1010179;S;N;45;Sim
AN02;48;1011165;N;N;45;Sim
AN02;49;1011824;S;N;45;Sim
AN02;50;1001140;S;N;45;Sim
AN02;51;1010177;S;N;45;Sim
AN02;52;1002171;S;N;45;Sim
AN02;53;1012437;N;N;45;Sim
AN02;54;1002344;S;N;45;Sim
AN02;55;1003304;N;N;45;Sim
AN02;56;1000331;N;N;45;Sim
AN02;57;1010110;N;N;44;Sim
AN02;58;1012475;S;N;44;Sim
AN02;59;1013124;N;N;44;Sim
AN02;60;1009414;N;N;44;Sim
AN02;61;1009158;S;N;44;Sim
AN02;62;1008760;N;N;44;Sim
AN02;63;1014150;N;N;44;Sim
AN02;64;1006601;N;N;44;Sim
AN02;65;1003782;N;N;44;Sim
AN02;66;1012967;N;N;44;Sim
AN02;67;1013920;S;N;44;Sim
AN02;68;1014429;N;N;44;Sim
AN02;69;1002164;N;N;44;Sim
AN02;70;1012509;N;N;44;Sim
AN02;71;1000582;N;N;44;Sim
AN02;72;1006713;N;N;44;Sim
AN02;73;1005220;N;N;44;Sim
AN02;74;1011866;N;N;44;Sim
AN02;75;1002741;N;N;44;Sim
AN02;76;1007561;N;N;44;Sim
AN02;77;1004646;S;N;44;Sim
AN02;78;1011233;S;N;44;Sim
AN02;79;1012663;N;N;44;Sim
AN02;80;1009927;N;N;43;Não
AN02;81;1011813;N;N;43;Não
AN02;82;1011790;N;N;43;Não
AN02;83;1011714;S;N;43;Sim
AN02;84;1007752;N;N;43;Não
AN02;85;1004313;N;N;43;Não
AN02;86;1010806;N;N;43;Não
AN02;87;1003502;N;N;43;Não
AN02;88;1000186;S;N;43;Sim
AN02;89;1012905;N;S;43;Sim
AN02;90;1009911;N;N;43;Não
AN02;91;1010115;N;N;43;Não
AN02;92;1012071;N;N;43;Não
AN02;93;1000511;N;S;43;Sim
AN02;94;1002690;N;N;43;Não
AN02;95;1000884;N;N;43;Não
AN02;96;1000786;N;N;43;Não
AN02;97;1012765;N;N;43;Não
AN02;98;1011273;N;N;43;Não
AN02;99;1005918;N;N;43;Não
AN02;100;1011890;N;N;43;Não
AN02;101;1004024;N;N;43;Não
AN02;102;1003962;N;N;43;Não
AN02;103;1012401;S;N;43;Sim
AN02;104;1014048;N;N;43;Não
AN02;105;1004748;N;N;43;Não
AN02;106;1014558;N;N;43;Não
AN02;107;1001126;N;N;43;Não
AN02;108;1005862;N;N;43;Não
AN02;109;1014448;N;N;43;Não
AN02;110;1012128;S;N;42;Sim
AN02;111;1007885;N;N;42;Não
AN02;112;1014534;N;N;42;Não
AN02;113;1006643;S;N;42;Sim
AN02;114;1013440;S;N;42;Sim
AN02;115;1004126;N;N;42;Não
AN02;116;1010645;S;N;42;Sim
AN02;117;1011803;S;N;42;Sim
AN02;118;1013648;N;N;42;Não
AN02;119;1002975;N;S;42;Sim
AN02;120;1004810;S;S;42;Sim
AN02;121;1011100;N;N;42;Não
AN02;122;1002390;N;N;42;Não
AN02;123;1006068;N;N;42;Não
AN02;124;1012914;N;N;42;Não
AN02;125;1011075;N;N;42;Não
AN02;126;1007496;N;N;42;Não
AN02;127;1002377;N;N;42;Não
AN02;128;1000926;N;N;42;Não
AN02;129;1005064;S;N;42;Sim
AN02;130;1002723;N;N;42;Não
AN02;131;1002607;N;N;42;Não
AN02;132;1010890;N;N;42;Não
AN02;133;1008757;N;N;42;Não
AN02;134;1010827;N;N;41;Não
AN02;135;1011385;N;N;41;Não
AN02;136;1000340;S;N;41;Sim
AN02;137;1008893;S;N;41;Sim
AN02;138;1008335;N;N;41;Não
AN02;139;1001046;N;N;41;Não
AN02;140;1013695;N;N;41;Não
AN02;141;1004754;N;N;41;Não
AN02;142;1001055;N;N;41;Não
AN02;143;1003619;N;N;41;Não
AN02;144;1005917;S;N;41;Sim
AN02;145;1000751;S;N;41;Sim
AN02;146;1001554;N;N;41;Não
AN02;147;1008541;N;N;41;Não
AN02;148;1006739;S;N;41;Sim
AN02;149;1010208;S;N;41;Sim
AN02;150;1008936;N;N;41;Não
AN02;151;1011049;N;N;41;Não
AN02;152;1007396;N;N;41;Não
AN02;153;1006460;N;N;41;Não
AN02;154;1008527;N;N;41;Não
AN02;155;1007282;S;N;41;Sim
AN02;156;1014814;N;N;41;Não
AN02;157;1007404;N;N;41;Não
AN02;158;1011250;N;N;41;Não
AN02;159;1010361;N;N;41;Não
AN02;160;1007604;N;N;41;Não
AN02;161;1007528;N;N;40;Não
AN02;162;1002315;N;N;40;Não
AN02;163;1007072;S;N;40;Sim
AN02;164;1005341;N;N;40;Não
AN02;165;1013896;N;N;40;Não
AN02;166;1011317;N;N;40;Não
AN02;167;1005080;S;N;40;Sim
AN02;168;1008725;N;N;40;Não
AN02;169;1007517;N;N;40;Não
AN02;170;1003074;N;N;40;Não
AN02;171;1000302;N;N;40;Não
AN02;172;1013868;N;N;40;Não
AN02;173;1005785;S;N;40;Sim
AN02;174;1014593;N;S;40;Sim
AN02;175;1009980;N;N;40;Não
AN02;176;1010410;S;N;40;Sim
AN02;177;1004862;S;N;40;Sim
AN02;178;1012732;N;N;40;Não
AN02;179;1006414;N;N;40;Não
AN02;180;1009724;N;N;40;Não
AN02;181;1012359;N;N;40;Não
AN02;182;1001724;N;N;40;Não
AN02;183;1000914;N;N;40;Não
AN02;184;1001630;S;N;40;Sim
AN02;185;1000617;N;N;40;Não
AN02;186;1009235;N;N;40;Não
AN02;187;1000989;N;N;40;Não
AN02;188;1012849;S;N;40;Sim
AN02;189;1002706;S;N;40;Sim
AN02;190;1013215;N;N;40;Não
AN02;191;1007743;S;N;40;Sim
AN02;192;1013203;S;N;40;Sim
AN02;193;1010035;N;N;40;Não
AN02;194;1009554;N;N;40;Não
AN02;195;1007782;N;N;40;Não
AN02;196;1006055;N;N;40;Não
AN02;197;1008355;N;N;39;Não
AN02;198;1000235;N;N;39;Não
AN02;199;1012937;N;N;39;Não
AN02;200;1004980;N;N;39;Não
AN02;201;1009771;N;N;39;Não
AN02;202;1012055;N;N;39;Não
AN02;203;1007218;N;N;39;Não
AN02;204;1014470;N;N;39;Não
AN02;205;1002916;S;N;39;Sim
AN02;206;1013426;S;N;39;Sim
AN02;207;1006869;N;N;39;Não
AN02;208;1013979;N;N;39;Não
AN02;209;1007647;S;N;39;Sim
AN02;210;1012074;N;N;39;Não
AN02;211;1003138;N;N;39;Não
AN02;212;1006934;S;N;39;Sim
AN02;213;1006480;N;N;39;Não
AN02;214;1002745;N;N;39;Não
AN02;215;1009245;N;N;39;Não
AN02;216;1011171;N;N;39;Não
AN02;217;1006195;N;N;39;Não
AN02;218;1006763;S;N;39;Sim
AN02;219;1011999;S;N;39;Sim
AN02;220;1000683;N;N;39;Não
AN02;221;1010661;N;N;39;Não
AN02;222;1011607;N;N;39;Não
AN02;223;1010508;N;N;39;Não
AN02;224;1005885;S;N;39;Sim
AN02;225;1014853;S;S;39;Sim
AN02;226;1000699;N;N;39;Não
AN02;227;1003130;N;N;39;Não
AN02;228;1009136;S;N;38;Sim
AN02;229;1007130;N;N;38;Não
AN02;230;1013677;N;N;38;Não
AN02;231;1001691;N;N;38;Não
AN02;232;1000266;N;N;38;Não
AN02;233;1011389;S;N;38;Sim
AN02;234;1006922;N;N;38;Não
AN02;235;1011014;N;N;38;Não
AN02;236;1014392;S;N;38;Sim
AN02;237;1008040;N;N;38;Não
AN02;238;1013085;N;N;38;Não
AN02;239;1012965;N;N;38;Não
AN02;240;1006461;N;N;38;Não
AN02;241;1012044;N;N;38;Não
AN02;242;1011208;N;S;38;Sim
AN02;243;1002279;N;N;38;Não
AN02;244;1011229;N;N;38;Não
AN02;245;1013650;N;N;38;Não
AN02;246;1012005;S;N;38;Sim
AN02;247;1005005;N;N;38;Não
AN02;248;1012507;N;N;38;Não
AN02;249;1012717;N;N;38;Não
AN02;250;1007868;S;N;38;Sim
AN02;251;1011772;S;N;38;Sim
AN02;252;1001712;N;N;38;Não
AN02;253;1013510;N;N;38;Não
AN02;254;1007361;N;N;38;Não
AN02;255;1002338;N;N;38;Não
AN02;256;1012503;N;N;38;Não
AN02;257;1010058;N;N;38;Não
AN02;258;1001854;S;N;38;Sim
AN02;259;1007365;N;N;38;Não
AN02;260;1008428;N;N;38;Não
AN02;261;1005937;N;N;38;Não
AN02;262;1000416;N;N;38;Não
AN02;263;1010086;N;N;38;Não
AN02;264;1011371;S;N;38;Sim
AN02;265;1013394;S;N;38;Sim
AN02;266;1005320;N;N;37;Não
AN02;267;1009698;N;N;37;Não
AN02;268;1014037;N;N;37;Não
AN02;269;1006786;N;N;37;Não
AN02;270;1010773;N;N;37;Não
AN02;271;1009082;S;N;37;Sim
AN02;272;1011910;N;N;37;Não
AN02;273;1013475;N;S;37;Sim
AN02;274;1009892;N;N;37;Não
AN02;275;1000715;N;N;37;Não
AN02;276;1013686;N;N;37;Não
AN02;277;1007086;N;N;37;Não
AN02;278;1012644;N;N;37;Não
AN02;279;1014344;N;N;37;Não
AN02;280;1000313;S;N;37;Sim
AN02;281;1001885;S;N;37;Sim
AN02;282;1009886;N;S;37;Sim
AN02;283;1011092;N;N;37;Não
AN02;284;1005855;N;N;37;Não
AN02;285;1008004;N;N;37;Não
AN02;286;1010895;N;N;37;Não
AN02;287;1010504;N;N;37;Não
AN02;288;1002046;S;N;37;Sim
AN02;289;1002488;N;N;37;Não
AN02;290;1003926;N;N;37;Não
AN02;291;1007670;S;N;37;Sim
AN02;292;1000718;N;N;37;Não
AN02;293;1013701;S;N;37;Sim
AN02;294;1001026;N;N;36;Não
AN02;295;1008460;N;N;36;Não
AN02;296;1009736;N;N;36;Não
AN02;297;1006168;S;N;36;Sim
AN02;298;1011592;N;N;36;Não
AN02;299;1010104;N;N;36;Não
AN02;300;1010224;N;S;36;Sim
AN02;301;1013599;S;N;36;Sim
AN02;302;1014273;N;N;36;Não
AN02;303;1001750;N;N;36;Não
AN02;304;1007754;N;N;36;Não
AN02;305;1007672;N;N;36;Não
AN02;306;1000095;N;N;36;Não
AN02;307;1011402;N;N;36;Não
AN02;308;1012473;N;N;36;Não
AN02;309;1005933;S;N;36;Sim
AN02;310;1002800;N;N;36;Não
AN02;311;1013497;N;N;36;Não
AN02;312;1011586;N;N;36;Não
AN02;313;1000727;N;N;36;Não
AN02;314;1010158;N;N;36;Não
AN02;315;1004175;N;N;36;Não
AN02;316;1001261;N;N;36;Não
AN02;317;1000309;S;N;36;Sim
AN02;318;1010555;N;N;36;Não
AN02;319;1000817;N;N;36;Não
AN02;320;1007376;N;N;36;Não
AN02;321;1003124;N;N;36;Não
AN02;322;1014606;N;N;36;Não
AN02;323;1006582;N;N;36;Não
AN02;324;1005526;N;N;36;Não
AN02;325;1007539;S;N;36;Sim
AN02;326;1009438;S;N;36;Sim
AN02;327;1008995;N;N;36;Não
AN02;328;1007236;S;N;36;Sim
AN02;329;1007930;S;N;36;Sim
AN02;330;1008238;N;N;36;Não
AN02;331;1000899;N;N;35;Não
AN02;332;1000089;S;N;35;Sim
AN02;333;1005810;S;N;35;Sim
AN02;334;1014906;N;N;35;Não
AN02;335;1005044;N;N;35;Não
AN02;336;1008758;N;N;35;Não
AN02;337;1004076;S;N;35;Sim
AN02;338;1005742;N;N;35;Não
AN02;339;1008676;N;N;35;Não
AN02;340;1012592;N;N;35;Não
AN02;341;1004871;N;N;35;Não
AN02;342;1010382;N;N;35;Não
AN02;343;1014743;N;N;35;Não
AN02;344;1012701;S;N;35;Sim
AN02;345;1014488;N;N;35;Não
AN02;346;1013381;N;N;35;Não
AN02;347;1000061;S;N;35;Sim
AN02;348;1007803;N;N;34;Não
AN02;349;1001719;S;N;34;Sim
AN02;350;1000475;N;N;34;Não
AN02;351;1001582;S;N;34;Sim
AN02;352;1007332;N;N;34;Não
AN02;353;1009682;N;N;34;Não
AN02;354;1010833;N;N;34;Não
AN02;355;1003801;S;N;34;Sim
AN02;356;1007441;N;N;34;Não
AN02;357;1008276;N;N;34;Não
AN02;358;1007500;N;N;34;Não
AN02;359;1010297;N;N;34;Não
AN02;360;1011433;N;N;34;Não
AN02;361;1009454;S;N;34;Sim
AN02;362;1011146;S;N;34;Sim
AN02;363;1002335;N;N;34;Não
AN02;364;1010425;N;N;34;Não
AN02;365;1011395;S;N;34;Sim
AN02;366;1002686;N;N;34;Não
AN02;367;1010031;N;N;34;Não
AN02;368;1000066;N;N;34;Não
AN02;369;1005172;N;N;34;Não
AN02;370;1013552;N;N;34;Não
AN02;371;1002430;N;N;34;Não
AN02;372;1002549;S;N;34;Sim
AN02;373;1007280;S;N;34;Sim
AN02;374;1000647;S;N;34;Sim
AN02;375;1010388;N;N;34;Não
AN02;376;1000255;N;N;34;Não
AN02;377;1009741;N;N;34;Não
AN02;378;1005642;N;N;34;Não
AN02;379;1013188;N;N;34;Não
AN02;380;1005105;N;N;34;Não
AN02;381;1007917;N;N;33;Não
AN02;382;1014374;N;N;33;Não
AN02;383;1002837;N;N;33;Não
AN02;384;1008700;N;N;33;Não
AN02;385;1014655;N;N;33;Não
AN02;386;1004755;S;N;33;Sim
AN02;387;1001259;N;N;33;Não
AN02;388;1005602;N;N;32;Não
AN02;389;1008284;N;N;32;Não
AN02;390;1002648;S;N;32;Sim
AN02;391;1012029;N;N;32;Não
AN02;392;1011699;N;N;32;Não
AN02;393;1006566;N;N;32;Não
AN02;394;1013663;S;N;32;Sim
AN02;395;1009735;N;N;32;Não
AN02;396;1013200;N;N;32;Não
AN02;397;1006206;S;S;32;Sim
AN02;398;1008964;N;N;32;Não
AN02;399;1012168;N;N;32;Não
AN02;400;1002020;S;N;32;Sim
AN02;401;1005175;S;N;32;Sim
AN02;402;1001168;N;N;32;Não
AN02;403;1004134;N;N;32;Não
AN02;404;1006344;N;N;31;Não
AN02;405;1012780;N;N;31;Não
AN02;406;1000726;N;N;31;Não
AN02;407;1006326;N;N;31;Não
AN02;408;1005643;N;N;31;Não
AN02;409;1008806;S;N;31;Sim
AN02;410;1007504;S;N;31;Sim
AN02;411;1009943;N;N;31;Não
AN02;412;1003515;N;N;30;Não
AN02;413;1000421;N;N;30;Não
AN02;414;1012543;S;N;30;Sim
AN02;415;1014617;N;N;30;Não
AN02;416;1001249;N;N;30;Não
AN02;417;1004359;S;N;30;Sim
AN02;418;1005968;N;N;30;Não
AN02;419;1003227;S;N;30;Sim
AN03;1;1014252;N;N;50;Sim
AN03;2;1014079;N;N;50;Sim
AN03;3;1010357;N;N;49;Sim
AN03;4;1008929;N;N;48;Sim
AN03;5;1005737;N;S;47;Sim
AN03;6;1007862;N;N;46;Sim
AN03;7;1007740;N;N;45;Sim
AN03;8;1003133;N;N;45;Sim
AN03;9;1001444;S;N;45;Sim
AN03;10;1000049;N;N;45;Sim
AN03;11;1001479;N;N;45;Sim
AN03;12;1007471;N;N;45;Sim
AN03;13;1006435;S;N;45;Sim
AN03;14;1006727;N;N;44;Sim
AN03;15;1011807;N;N;44;Sim
AN03;16;1008073;S;N;44;Sim
AN03;17;1010352;N;N;44;Sim
AN03;18;1005873;S;N;43;Sim
AN03;19;1001888;N;N;43;Sim
AN03;20;1013723;N;N;43;Sim
AN03;21;1006457;N;N;43;Sim
AN03;22;1000248;N;S;42;Sim
AN03;23;1006806;N;N;42;Sim
AN03;24;1009575;N;N;42;Sim
AN03;25;1000247;N;N;42;Sim
AN03;26;1000942;N;N;42;Sim
AN03;27;1000401;N;N;42;Sim
AN03;28;1001467;N;N;42;Sim
AN03;29;1011203;N;N;41;Sim
AN03;30;1013088;N;N;41;Sim
AN03;31;1001288;N;N;41;Sim
AN03;32;1007039;S;N;41;Sim
AN03;33;1012876;N;N;41;Sim
AN03;34;1001468;N;N;41;Sim
AN03;35;1011498;N;N;40;Sim
AN03;36;1002369;N;N;40;Sim
AN03;37;1005781;S;N;40;Sim
AN03;38;1003756;N;N;40;Sim
AN03;39;1000598;N;N;40;Sim
AN03;40;1002860;S;N;40;Sim
AN03;41;1010334;N;N;40;Sim
AN03;42;1010265;N;N;40;Sim
AN03;43;1010611;S;N;40;Sim
AN03;44;1002044;S;N;40;Sim
AN03;45;1000576;N;N;40;Sim
AN03;46;1003175;N;N;40;Sim
AN03;47;1012869;N;N;40;Sim
AN03;48;1005579;N;N;39;Não
AN03;49;1006361;N;N;39;Não
AN03;50;1003799;N;N;39;Não
AN03;51;1008462;N;N;39;Não
AN03;52;1007590;N;N;39;Não
AN03;53;1007133;N;N;39;Não
AN03;54;1013576;N;N;39;Não
AN03;55;1011101;S;N;39;Sim
AN03;56;1000471;N;N;39;Não
AN03;57;1001914;N;N;38;Não
AN03;58;1000420;N;N;38;Não
AN03;59;1013469;N;N;38;Não
AN03;60;1001128;N;N;38;Não
AN03;61;1012563;N;N;38;Não
AN03;62;1005754;N;N;38;Não
AN03;63;1006284;S;N;38;Sim
AN03;64;1010523;N;N;38;Não
AN03;65;1011131;S;N;38;Sim
AN03;66;1011783;N;N;38;Não
AN03;67;1011269;S;N;38;Sim
AN03;68;1004569;S;N;38;Sim
AN03;69;1003416;N;N;38;Não
AN03;70;1008420;N;N;37;Não
AN03;71;1005625;N;N;37;Não
AN03;72;1006610;N;N;37;Não
AN03;73;1013262;S;N;37;Sim
AN03;74;1002381;N;N;37;Não
AN03;75;1008580;N;N;36;Não
AN03;76;1007127;N;N;36;Não
AN03;77;1004335;S;N;36;Sim
AN03;78;1011078;N;N;36;Não
AN03;79;1005088;N;N;36;Não
AN03;80;1012397;N;N;36;Não
AN03;81;1010946;N;N;36;Não
AN03;82;1000758;S;N;36;Sim
AN03;83;1001760;S;N;36;Sim
AN03;84;1010273;S;N;36;Sim
AN03;85;1010626;N;N;35;Não
AN03;86;1013463;N;N;35;Não
AN03;87;1002767;N;N;35;Não
AN03;88;1001504;N;N;35;Não
AN03;89;1011446;N;N;35;Não
AN03;90;1005989;N;N;35;Não
AN03;91;1003396;N;N;34;Não
AN03;92;1007102;N;N;34;Não
AN03;93;1008912;N;N;34;Não
AN03;94;1012174;N;N;34;Não
AN03;95;1002413;S;N;34;Sim
AN03;96;1007167;N;N;34;Não
AN03;97;1000672;N;N;33;Não
AN03;98;1005779;S;N;33;Sim
AN03;99;1012840;N;N;33;Não
AN03;100;1010901;N;N;33;Não
AN03;101;1000113;N;N;33;Não
AN03;102;1013977;N;N;32;Não
AN03;103;1002154;N;N;32;Não
AN03;104;1007244;N;N;32;Não
AN03;105;1011240;S;N;32;Sim
AN03;106;1002684;S;N;32;Sim
AN03;107;1009090;S;N;31;Sim
AN03;108;1000553;N;N;31;Não
AN03;109;1005688;N;N;30;Não
AN03;110;1013506;N;N;30;Não
AN03;111;1010144;N;N;30;Não
AN04;1;1003687;N;N;57;Sim
AN04;2;1007695;N;N;56;Sim
AN04;3;1001037;N;N;54;Sim
AN04;4;1000328;N;N;54;Sim
AN04;5;1007941;N;N;53;Sim
AN04;6;1002817;N;N;53;Sim
AN04;7;1012883;N;N;52;Sim
AN04;8;1003817;N;N;52;Sim
AN04;9;1005653;N;N;52;Sim
AN04;10;1011995;N;N;51;Sim
AN04;11;1000498;N;N;51;Sim
AN04;12;1000975;S;N;50;Sim
AN04;13;1002640;S;N;50;Sim
AN04;14;1006489;S;N;50;Sim
AN04;15;1009342;N;N;50;Sim
AN04;16;1009295;N;N;50;Sim
AN04;17;1009607;N;N;50;Sim
AN04;18;1014886;N;N;50;Sim
AN04;19;1007939;S;N;50;Sim
AN04;20;1007919;N;N;49;Sim
AN04;21;1000183;N;N;49;Sim
AN04;22;1013048;N;N;49;Sim
AN04;23;1000366;S;N;49;Sim
AN04;24;1001899;N;N;49;Sim
AN04;25;1007358;S;N;49;Sim
AN04;26;1010122;N;N;48;Sim
AN04;27;1014109;N;N;48;Sim
AN04;28;1007631;N;N;48;Sim
AN04;29;1000821;N;N;48;Sim
AN04;30;1013424;N;S;48;Sim
AN04;31;1004929;N;S;48;Sim
AN04;32;1008927;N;N;47;Sim
AN04;33;1009798;N;N;47;Sim
AN04;34;1013154;N;N;47;Sim
AN04;35;1000502;N;N;47;Sim
AN04;36;1006980;N;N;47;Sim
AN04;37;1010440;N;N;47;Sim
AN04;38;1001375;N;N;47;Sim
AN04;39;1008014;N;N;47;Sim
AN04;40;1005048;N;N;47;Sim
AN04;41;1007516;N;N;46;Sim
AN04;42;1011105;S;N;46;Sim
AN04;43;1011133;N;N;46;Sim
AN04;44;1006107;N;N;46;Sim
AN04;45;1011888;N;N;46;Sim
AN04;46;1007909;N;N;46;Sim
AN04;47;1009711;N;N;46;Sim
AN04;48;1007567;S;N;45;Sim
AN04;49;1004461;N;N;45;Não
AN04;50;1000164;N;N;45;Não
AN04;51;1012790;S;N;45;Sim
AN04;52;1010588;S;N;45;Sim
AN04;53;1010190;N;N;45;Não
AN04;54;1001022;N;N;45;Não
AN04;55;1003649;N;N;45;Não
AN04;56;1006208;N;N;45;Não
AN04;57;1010009;N;N;44;Não
AN04;58;1002639;N;N;44;Não
AN04;59;1000187;N;N;44;Não
AN04;60;1009545;N;N;44;Não
AN04;61;1001027;N;N;44;Não
AN04;62;1002303;N;N;44;Não
AN04;63;1008133;N;N;44;Não
AN04;64;1005398;N;N;44;Não
AN04;65;1012723;N;N;44;Não
AN04;66;1012830;N;N;43;Não
AN04;67;1004036;N;N;43;Não
AN04;68;1009885;N;N;43;Não
AN04;69;1010543;N;N;43;Não
AN04;70;1007325;S;N;43;Sim
AN04;71;1009029;N;N;43;Não
AN04;72;1011310;N;N;42;Não
AN04;73;1008052;N;N;42;Não
AN04;74;1012180;N;N;42;Não
AN04;75;1007369;N;S;42;Sim
AN04;76;1002682;S;N;42;Sim
AN04;77;1009473;N;N;42;Não
AN04;78;1009113;S;N;42;Sim
AN04;79;1000228;N;N;41;Não
AN04;80;1008123;N;N;41;Não
AN04;81;1006277;N;N;41;Não
AN04;82;1012822;N;N;41;Não
AN04;83;1000969;N;N;41;Não
AN04;84;1007640;N;N;41;Não
AN04;85;1009327;N;N;40;Não
AN04;86;1006901;N;N;40;Não
AN04;87;1004414;S;N;40;Sim
AN04;88;1007096;N;N;40;Não
AN04;89;1001568;S;N;40;Sim
AN04;90;1011560;N;N;40;Não
AN04;91;1001928;S;N;40;Sim
AN04;92;1009707;N;N;40;Não
AN04;93;1007619;N;N;40;Não
AN04;94;1010448;N;N;40;Não
AN04;95;1004099;N;N;40;Não
AN04;96;1006219;N;N;39;Não
AN04;97;1010663;N;N;39;Não
AN04;98;1007394;N;N;39;Não
AN04;99;1007095;N;N;39;Não
AN04;100;1007088;S;N;39;Sim
AN04;101;1000349;S;N;39;Sim
AN04;102;1001569;N;N;39;Não
AN04;103;1002237;S;N;39;Sim
AN04;104;1012861;N;N;39;Não
AN04;105;1013365;N;N;39;Não
AN04;106;1006801;N;N;39;Não
AN04;107;1003472;N;N;39;Não
AN04;108;1012617;N;N;38;Não
AN04;109;1003837;N;N;38;Não
AN04;110;1010785;N;N;38;Não
AN04;111;1010012;N;N;38;Não
AN04;112;1008790;N;N;37;Não
AN04;113;1012534;S;N;37;Sim
AN04;114;1011643;N;N;37;Não
AN04;115;1009409;N;N;37;Não
AN04;116;1014144;S;N;36;Sim
AN04;117;1007717;N;N;36;Não
AN04;118;1006784;N;N;36;Não
AN04;119;1003924;N;N;36;Não
AN04;120;1010690;N;N;36;Não
AN04;121;1001962;S;N;36;Sim
AN04;122;1009869;N;N;36;Não
AN04;123;1001961;N;N;35;Não
AN04;124;1005549;N;N;35;Não
AN04;125;1001730;S;N;34;Sim
AN04;126;1006777;S;N;34;Sim
AN04;127;1013682;N;N;33;Não
AN04;128;1002432;N;N;32;Não
AN04;129;1012040;S;N;32;Sim
AN04;130;1012229;N;N;32;Não
AN04;131;1003014;N;N;32;Não
AN05;1;1000359;S;N;48;Sim
AN05;2;1014869;S;N;47;Sim
AN05;3;1010435;N;N;47;Sim
AN05;4;1007191;N;N;46;Sim
AN05;5;1005390;S;N;45;Sim
AN05;6;1001012;N;N;45;Sim
AN05;7;1011972;N;N;43;Sim
AN05;8;1009301;N;N;43;Sim
AN05;9;1008259;N;N;42;Sim
AN05;10;1013889;S;N;42;Sim
AN05;11;1011845;N;N;42;Sim
AN05;12;1008320;N;N;42;Sim
AN05;13;1002608;S;N;42;Sim
AN05;14;1007876;N;N;41;Sim
AN05;15;1001167;N;N;41;Sim
AN05;16;1011858;N;N;41;Sim
AN05;17;1010494;N;N;40;Sim
AN05;18;1001174;N;N;40;Sim
AN05;19;1008203;N;N;40;Sim
AN05;20;1002638;N;N;39;Sim
AN05;21;1008059;N;N;39;Sim
AN05;22;1004240;S;N;38;Sim
AN05;23;1001350;N;N;38;Sim
AN05;24;1003516;S;N;38;Sim
AN05;25;1002411;N;N;38;Sim
AN05;26;1011419;S;N;37;Sim
AN05;27;1010801;N;N;37;Não
AN05;28;1014017;S;N;37;Sim
AN05;29;1012001;N;N;36;Não
AN05;30;1012787;S;N;36;Sim
AN05;31;1009684;N;N;36;Não
AN05;32;1009280;S;N;35;Sim
AN05;33;1003048;N;N;35;Não
AN05;34;1004546;N;N;35;Não
AN05;35;1007255;N;N;35;Não
AN05;36;1011085;S;N;34;Sim
AN05;37;1001029;N;N;34;Não
AN05;38;1013603;S;N;34;Sim
AN05;39;1012759;S;N;32;Sim
AN05;40;1008943;N;N;32;Não
AN05;41;1014780;N;N;32;Não
AN05;42;1000656;S;N;32;Sim
AN05;43;1011258;N;N;32;Não
AN05;44;1011794;N;N;32;Não
AN05;45;1010599;N;N;32;Não
AN06;1;1005129;S;N;50;Sim
AN06;2;1007494;N;N;48;Sim
AN06;3;1002787;N;N;47;Sim
AN06;4;1006588;N;N;46;Sim
AN06;5;1010111;N;N;46;Sim
AN06;6;1009396;N;N;45;Sim
AN06;7;1001501;N;N;45;Sim
AN06;8;1011550;S;N;45;Sim
AN06;9;1000437;N;N;44;Sim
AN06;10;1011728;N;N;44;Sim
AN06;11;1009475;N;N;44;Sim
AN06;12;1009104;N;N;44;Sim
AN06;13;1000237;S;N;44;Sim
AN06;14;1000143;N;N;43;Sim
AN06;15;1007456;N;N;43;Sim
AN06;16;1003566;N;N;42;Sim
AN06;17;1006026;N;N;42;Sim
AN06;18;1006774;N;N;42;Sim
AN06;19;1002320;N;N;42;Sim
AN06;20;1011859;N;N;42;Sim
AN06;21;1003585;N;N;42;Sim
AN06;22;1002438;N;N;42;Sim
AN06;23;1008847;N;N;42;Sim
AN06;24;1008846;N;N;41;Sim
AN06;25;1013689;N;N;41;Sim
AN06;26;1006279;S;N;41;Sim
AN06;27;1001469;N;N;41;Sim
AN06;28;1014810;N;N;41;Sim
AN06;29;1012200;N;N;41;Sim
AN06;30;1006704;N;N;41;Sim
AN06;31;1002204;N;N;41;Sim
AN06;32;1005656;N;N;41;Sim
AN06;33;1006063;N;N;41;Sim
AN06;34;1010676;N;N;41;Sim
AN06;35;1004841;N;N;41;Sim
AN06;36;1000669;S;N;41;Sim
AN06;37;1009413;N;N;40;Não
AN06;38;1008925;S;N;40;Sim
AN06;39;1008257;S;N;40;Sim
AN06;40;1012342;N;N;40;Não
AN06;41;1010680;S;N;40;Sim
AN06;42;1000353;N;S;40;Sim
AN06;43;1001990;S;N;40;Sim
AN06;44;1006757;N;N;39;Não
AN06;45;1009032;S;N;39;Sim
AN06;46;1007275;N;N;39;Não
AN06;47;1013313;N;N;39;Não
AN06;48;1012093;S;N;39;Sim
AN06;49;1006265;N;N;39;Não
AN06;50;1008523;N;S;39;Sim
AN06;51;1008354;N;N;39;Não
AN06;52;1001995;S;N;38;Sim
AN06;53;1006594;N;N;38;Não
AN06;54;1003875;N;N;38;Não
AN06;55;1010741;S;N;38;Sim
AN06;56;1003844;N;N;38;Não
AN06;57;1004371;N;N;38;Não
AN06;58;1007375;S;N;38;Sim
AN06;59;1011908;S;N;37;Sim
AN06;60;1011754;N;N;37;Não
AN06;61;1003372;N;N;37;Não
AN06;62;1007634;N;N;37;Não
AN06;63;1002689;N;N;37;Não
AN06;64;1009664;N;N;37;Não
AN06;65;1006804;N;N;37;Não
AN06;66;1000350;S;N;36;Sim
AN06;67;1013308;S;N;36;Sim
AN06;68;1009019;N;N;36;Não
AN06;69;1011457;S;N;36;Sim
AN06;70;1008752;S;N;36;Sim
AN06;71;1013728;N;N;36;Não
AN06;72;1011752;S;N;36;Sim
AN06;73;1005954;N;S;36;Sim
AN06;74;1010644;N;N;36;Não
AN06;75;1012478;N;N;36;Não
AN06;76;1009401;N;N;36;Não
AN06;77;1011444;N;N;36;Não
AN06;78;1006404;N;N;36;Não
AN06;79;1008834;N;N;36;Não
AN06;80;1002375;N;N;36;Não
AN06;81;1011867;S;N;35;Sim
AN06;82;1011172;N;N;35;Não
AN06;83;1008550;N;N;35;Não
AN06;84;1007383;N;N;35;Não
AN06;85;1012273;N;N;35;Não
AN06;86;1003093;N;N;35;Não
AN06;87;1002360;N;N;35;Não
AN06;88;1003112;N;N;35;Não
AN06;89;1003947;N;N;35;Não
AN06;90;1002337;N;N;34;Não
AN06;91;1011356;N;N;34;Não
AN06;92;1004384;S;N;34;Sim
AN06;93;1014563;N;N;34;Não
AN06;94;1006124;N;N;34;Não
AN06;95;1012263;S;N;34;Sim
AN06;96;1007046;N;N;34;Não
AN06;97;1001441;S;N;34;Sim
AN06;98;1012371;N;S;33;Sim
AN06;99;1011705;N;N;33;Não
AN06;100;1003565;S;N;33;Sim
AN06;101;1002199;N;N;32;Não
AN06;102;1007780;N;N;32;Não
AN06;103;1013441;S;N;32;Sim
AN06;104;1011738;N;N;32;Não
AN06;105;1009557;N;N;31;Não
AN06;106;1001705;S;N;30;Sim
AN06;107;1005068;S;N;30;Sim
AN06;108;1013479;N;N;30;Não
AN06;109;1007564;N;N;30;Não
AN07;1;1001881;N;N;52;Sim
AN07;2;1001956;S;N;49;Sim
AN07;3;1008323;N;N;48;Sim
AN07;4;1011438;N;S;45;Sim
AN07;5;1001587;N;N;45;Sim
AN07;6;1011952;N;N;43;Sim
AN07;7;1009042;N;N;43;Sim
AN07;8;1009833;S;N;43;Sim
AN07;9;1003070;N;N;42;Sim
AN07;10;1014837;S;N;40;Sim
AN07;11;1005731;N;N;40;Sim
AN07;12;1003763;N;N;40;Sim
AN07;13;1002911;N;N;39;Sim
AN07;14;1007595;S;N;38;Sim
AN07;15;1003602;N;N;37;Sim
AN07;16;1013897;N;N;35;Sim
AN07;17;1003492;S;N;35;Sim
AN07;18;1011831;S;N;34;Sim
AN07;19;1011384;N;N;32;Sim
AN07;20;1007974;N;N;32;Sim
AN07;21;1009236;N;N;30;Sim
AN07;22;1008200;S;N;30;Sim
AN08;1;1009121;N;N;49;Sim
AN08;2;1011349;N;N;47;Sim
AN08;3;1014890;N;N;45;Sim
AN08;4;1011937;N;N;45;Sim
AN08;5;1011883;S;N;43;Sim
AN08;6;1010912;N;N;43;Sim
AN08;7;1011366;N;N;42;Sim
AN08;8;1009093;S;N;42;Sim
AN08;9;1001078;N;N;42;Sim
AN08;10;1014135;N;N;41;Sim
AN08;11;1001507;N;N;41;Sim
AN08;12;1004357;S;N;41;Sim
AN08;13;1004945;N;N;41;Sim
AN08;14;1000832;S;N;41;Sim
AN08;15;1013385;N;N;41;Sim
AN08;16;1008242;N;N;40;Não
AN08;17;1002858;N;N;40;Não
AN08;18;1005588;N;N;40;Não
AN08;19;1010112;N;N;40;Não
AN08;20;1002672;S;N;40;Sim
AN08;21;1000195;N;N;40;Não
AN08;22;1001170;S;N;40;Sim
AN08;23;1000996;N;N;40;Não
AN08;24;1009842;N;N;40;Não
AN08;25;1007170;N;N;39;Não
AN08;26;1006937;N;N;39;Não
AN08;27;1001281;S;N;39;Sim
AN08;28;1013629;N;N;39;Não
AN08;29;1010052;S;N;39;Sim
AN08;30;1010859;N;N;39;Não
AN08;31;1005829;S;N;39;Sim
AN08;32;1002576;N;N;39;Não
AN08;33;1012446;N;N;38;Não
AN08;34;1004912;N;N;38;Não
AN08;35;1011294;S;N;38;Sim
AN08;36;1013963;N;N;38;Não
AN08;37;1004953;S;N;38;Sim
AN08;38;1007106;N;N;38;Não
AN08;39;1005559;N;N;38;Não
AN08;40;1012924;N;N;38;Não
AN08;41;1010734;S;N;38;Sim
AN08;42;1006297;S;N;38;Sim
AN08;43;1005315;N;N;38;Não
AN08;44;1003673;S;N;38;Sim
AN08;45;1008854;S;N;38;Sim
AN08;46;1001129;S;N;38;Sim
AN08;47;1012284;N;N;38;Não
AN08;48;1007922;S;N;38;Sim
AN08;49;1000742;N;N;38;Não
AN08;50;1012768;N;N;37;Não
AN08;51;1005459;N;N;37;Não
AN08;52;1000680;N;N;37;Não
AN08;53;1007952;S;N;37;Sim
AN08;54;1011994;N;N;37;Não
AN08;55;1005975;N;N;37;Não
AN08;56;1004268;N;N;37;Não
AN08;57;1009188;N;N;37;Não
AN08;58;1006652;N;N;37;Não
AN08;59;1009275;N;N;37;Não
AN08;60;1013882;S;N;37;Sim
AN08;61;1005186;N;N;37;Não
AN08;62;1011991;S;N;37;Sim
AN08;63;1010324;N;N;37;Não
AN08;64;1014597;N;N;36;Não
AN08;65;1000931;N;N;36;Não
AN08;66;1009717;N;N;36;Não
AN08;67;1011213;N;N;36;Não
AN08;68;1002147;N;N;36;Não
AN08;69;1013801;N;N;36;Não
AN08;70;1013041;N;N;36;Não
AN08;71;1011977;S;N;36;Sim
AN08;72;1007896;N;N;36;Não
AN08;73;1014450;N;N;36;Não
AN08;74;1001447;N;N;36;Não
AN08;75;1001958;S;N;36;Sim
AN08;76;1013988;N;N;36;Não
AN08;77;1004188;S;N;36;Sim
AN08;78;1002695;S;N;36;Sim
AN08;79;1006117;S;N;36;Sim
AN08;80;1000520;N;N;36;Não
AN08;81;1013130;S;N;36;Sim
AN08;82;1002124;N;N;35;Não
AN08;83;1012958;N;N;35;Não
AN08;84;1007716;N;N;35;Não
AN08;85;1003526;N;N;35;Não
AN08;86;1000132;N;N;35;Não
AN08;87;1005326;S;N;35;Sim
AN08;88;1009723;N;N;35;Não
AN08;89;1007825;N;N;35;Não
AN08;90;1013931;N;N;35;Não
AN08;91;1012749;N;N;35;Não
AN08;92;1003759;S;N;35;Sim
AN08;93;1002777;N;N;35;Não
AN08;94;1006879;S;N;35;Sim
AN08;95;1014734;S;N;35;Sim
AN08;96;1006187;N;N;34;Não
AN08;97;1011327;S;N;34;Sim
AN08;98;1003009;N;N;34;Não
AN08;99;1008409;N;N;34;Não
AN08;100;1006611;N;N;34;Não
AN08;101;1014475;S;N;34;Sim
AN08;102;1002820;S;N;34;Sim
AN08;103;1002194;N;N;34;Não
AN08;104;1006164;N;N;34;Não
AN08;105;1000376;N;N;34;Não
AN08;106;1005753;N;N;34;Não
AN08;107;1004485;S;N;34;Sim
AN08;108;1007094;N;N;34;Não
AN08;109;1013820;S;N;34;Sim
AN08;110;1003067;N;N;34;Não
AN08;111;1008056;N;N;34;Não
AN08;112;1005434;S;N;34;Sim
AN08;113;1013520;S;N;34;Sim
AN08;114;1001696;S;N;34;Sim
AN08;115;1003928;S;N;33;Sim
AN08;116;1006836;S;N;33;Sim
AN08;117;1006544;N;N;33;Não
AN08;118;1003504;N;N;33;Não
AN08;119;1006823;N;N;33;Não
AN08;120;1011683;N;N;33;Não
AN08;121;1010141;N;N;33;Não
AN08;122;1012565;N;N;33;Não
AN08;123;1011341;N;N;33;Não
AN08;124;1011301;N;N;33;Não
AN08;125;1013102;S;N;33;Sim
AN08;126;1002792;N;N;33;Não
AN08;127;1013729;N;N;33;Não
AN08;128;1003185;N;N;33;Não
AN08;129;1005695;N;N;33;Não
AN08;130;1001530;N;N;33;Não
AN08;131;1008739;S;N;33;Sim
AN08;132;1002519;N;N;33;Não
AN08;133;1007950;N;N;32;Não
AN08;134;1011017;N;N;32;Não
AN08;135;1010251;S;N;32;Sim
AN08;136;1012380;N;N;32;Não
AN08;137;1002081;N;N;32;Não
AN08;138;1012978;N;N;32;Não
AN08;139;1013994;N;N;32;Não
AN08;140;1009323;N;N;32;Não
AN08;141;1012132;N;N;32;Não
AN08;142;1001141;S;N;32;Sim
AN08;143;1013007;N;N;32;Não
AN08;144;1010612;N;N;32;Não
AN08;145;1007748;S;N;32;Sim
AN08;146;1012382;N;N;32;Não
AN08;147;1011023;N;N;32;Não
AN08;148;1007562;S;N;32;Sim
AN08;149;1014676;S;N;32;Sim
AN08;150;1011169;S;N;32;Sim
AN08;151;1005375;N;N;32;Não
AN08;152;1013874;S;N;31;Sim
AN08;153;1014060;N;N;31;Não
AN08;154;1013929;N;N;31;Não
AN08;155;1008178;N;N;31;Não
AN08;156;1012725;N;N;31;Não
AN08;157;1014072;S;N;31;Sim
AN08;158;1002997;S;N;31;Sim
AN08;159;1004703;N;N;31;Não
AN08;160;1006897;S;N;31;Sim
AN08;161;1006501;N;N;30;Não
AN08;162;1013484;N;N;30;Não
AN08;163;1013462;N;N;30;Não
AN08;164;1012915;N;N;30;Não
AN08;165;1014125;S;N;30;Sim
AN08;166;1009378;N;N;30;Não
AN08;167;1012920;N;N;30;Não
AN08;168;1011417;S;N;30;Sim
AN08;169;1005945;S;N;30;Sim
AN08;170;1012270;N;N;30;Não
AN08;171;1001038;N;N;30;Não
AN09;1;1002112;N;N;46;Sim
AN09;2;1000246;N;N;44;Sim
AN09;3;1010584;N;N;44;Sim
AN09;4;1012008;N;N;44;Sim
AN09;5;1001151;N;N;43;Sim
AN09;6;1012076;N;N;43;Sim
AN09;7;1009078;N;N;42;Sim
AN09;8;1000088;N;N;42;Sim
AN09;9;1001219;N;N;41;Sim
AN09;10;1002249;N;N;41;Sim
AN09;11;1009284;S;N;41;Sim
AN09;12;1001983;N;N;41;Sim
AN09;13;1010270;N;N;41;Sim
AN09;14;1010845;N;N;40;Sim
AN09;15;1004763;N;N;40;Sim
AN09;16;1002886;S;N;40;Sim
AN09;17;1002964;N;N;40;Sim
AN09;18;1010460;N;N;39;Não
AN09;19;1009960;N;N;39;Não
AN09;20;1000161;N;N;39;Não
AN09;21;1010004;N;N;39;Não
AN09;22;1001169;N;N;39;Não
AN09;23;1005703;N;N;38;Não
AN09;24;1014289;N;N;38;Não
AN09;25;1005675;N;N;38;Não
AN09;26;1000693;N;N;38;Não
AN09;27;1005717;S;N;38;Sim
AN09;28;1004378;N;N;38;Não
AN09;29;1007438;N;N;38;Não
AN09;30;1013477;S;N;38;Sim
AN09;31;1007195;N;N;38;Não
AN09;32;1001714;N;N;38;Não
AN09;33;1010137;N;N;37;Não
AN09;34;1005716;N;N;37;Não
AN09;35;1001210;N;N;37;Não
AN09;36;1007168;N;N;37;Não
AN09;37;1012431;N;N;37;Não
AN09;38;1007156;N;N;37;Não
AN09;39;1014346;N;N;37;Não
AN09;40;1003568;N;N;37;Não
AN09;41;1004020;N;N;37;Não
AN09;42;1013919;S;N;36;Sim
AN09;43;1014058;N;N;36;Não
AN09;44;1014695;N;N;36;Não
AN09;45;1008219;N;N;36;Não
AN09;46;1010030;N;N;36;Não
AN09;47;1009273;N;N;36;Não
AN09;48;1013838;N;N;36;Não
AN09;49;1012775;N;N;36;Não
AN09;50;1005253;N;N;36;Não
AN09;51;1000253;N;N;36;Não
AN09;52;1001047;N;N;36;Não
AN09;53;1006266;N;N;36;Não
AN09;54;1009966;N;N;36;Não
AN09;55;1008850;N;N;35;Não
AN09;56;1014684;N;N;35;Não
AN09;57;1007266;S;N;35;Sim
AN09;58;1008075;N;N;35;Não
AN09;59;1012667;S;N;35;Sim
AN09;60;1005019;N;N;35;Não
AN09;61;1001254;N;N;35;Não
AN09;62;1012995;S;N;35;Sim
AN09;63;1010847;N;N;35;Não
AN09;64;1013533;N;N;35;Não
AN09;65;1010118;N;N;35;Não
AN09;66;1009053;N;N;35;Não
AN09;67;1013662;N;S;35;Sim
AN09;68;1005959;S;N;35;Sim
AN09;69;1012903;S;N;35;Sim
AN09;70;1014557;N;N;34;Não
AN09;71;1005668;N;N;34;Não
AN09;72;1012490;N;N;34;Não
AN09;73;1009208;S;N;34;Sim
AN09;74;1014721;N;N;34;Não
AN09;75;1012264;S;N;34;Sim
AN09;76;1004141;N;N;34;Não
AN09;77;1014485;S;N;34;Sim
AN09;78;1011114;S;N;34;Sim
AN09;79;1000053;S;N;34;Sim
AN09;80;1010207;N;N;34;Não
AN09;81;1006246;S;N;34;Sim
AN09;82;1004559;N;N;34;Não
AN09;83;1009502;N;N;34;Não
AN09;84;1010770;N;N;34;Não
AN09;85;1012998;N;N;34;Não
AN09;86;1008342;N;N;34;Não
AN09;87;1002586;N;N;34;Não
AN09;88;1000844;N;N;34;Não
AN09;89;1014661;N;N;33;Não
AN09;90;1003171;N;N;33;Não
AN09;91;1009944;N;N;33;Não
AN09;92;1011556;N;N;33;Não
AN09;93;1007140;N;N;33;Não
AN09;94;1008731;N;N;33;Não
AN09;95;1008468;N;N;33;Não
AN09;96;1008097;S;N;33;Sim
AN09;97;1011429;N;N;33;Não
AN09;98;1002671;N;N;32;Não
AN09;99;1012386;N;N;32;Não
AN09;100;1013359;N;N;32;Não
AN09;101;1002734;S;N;32;Sim
AN09;102;1012367;S;N;32;Sim
AN09;103;1012351;N;N;32;Não
AN09;104;1001006;N;N;32;Não
AN09;105;1002631;S;N;32;Sim
AN09;106;1014084;N;N;32;Não
AN09;107;1009504;N;N;32;Não
AN09;108;1008977;S;N;32;Sim
AN09;109;1007571;S;N;31;Sim
AN09;110;1006188;S;N;31;Sim
AN09;111;1009895;N;N;31;Não
AN09;112;1002803;N;N;30;Não
AN09;113;1000277;N;N;30;Não
AN09;114;1002201;S;N;30;Sim
AN09;115;1010477;S;N;30;Sim
AN09;116;1014836;N;N;30;Não
AN09;117;1009761;N;N;30;Não
AN09;118;1000783;N;N;30;Não
AN09;119;1007738;N;N;30;Não
AN09;120;1007192;N;N;30;Não
AN09;121;1009167;S;N;30;Sim
AN10;1;1000126;N;N;45;Sim
AN10;2;1007661;N;N;44;Sim
AN10;3;1012863;N;N;44;Sim
AN10;4;1002828;N;N;44;Sim
AN10;5;1007131;N;N;43;Sim
AN10;6;1012309;N;N;43;Sim
AN10;7;1008399;N;N;42;Sim
AN10;8;1011232;N;N;42;Sim
AN10;9;1008054;N;N;41;Sim
AN10;10;1006061;N;N;41;Sim
AN10;11;1002467;N;N;41;Sim
AN10;12;1002297;N;N;41;Sim
AN10;13;1011300;S;N;41;Sim
AN10;14;1001535;S;N;40;Sim
AN10;15;1008127;N;N;40;Não
AN10;16;1012307;N;N;40;Não
AN10;17;1013427;N;N;39;Não
AN10;18;1013726;N;N;39;Não
AN10;19;1012811;N;N;39;Não
AN10;20;1000274;S;N;38;Sim
AN10;21;1001080;N;N;38;Não
AN10;22;1011111;N;N;38;Não
AN10;23;1007165;N;N;38;Não
AN10;24;1011391;S;N;38;Sim
AN10;25;1004604;N;N;38;Não
AN10;26;1006119;S;N;38;Sim
AN10;27;1006505;N;N;37;Não
AN10;28;1007472;N;N;36;Não
AN10;29;1010053;N;N;36;Não
AN10;30;1000064;N;N;36;Não
AN10;31;1000083;N;N;36;Não
AN10;32;1013150;S;N;36;Sim
AN10;33;1011771;N;N;35;Não
AN10;34;1003905;N;N;35;Não
AN10;35;1005771;N;N;35;Não
AN10;36;1000074;N;N;35;Não
AN10;37;1011199;N;N;34;Não
AN10;38;1002332;N;N;34;Não
AN10;39;1001735;N;N;34;Não
AN10;40;1006454;N;N;33;Não
AN10;41;1001716;N;N;33;Não
AN10;42;1012006;N;N;32;Não
AN10;43;1010424;N;N;32;Não
AN10;44;1008724;N;N;32;Não
AN10;45;1014812;N;N;32;Não
AN10;46;1013625;N;N;31;Não
AN10;47;1008336;N;N;31;Não
AN10;48;1006938;S;N;31;Sim
AN10;49;1009994;N;N;30;Não
AN11;1;1005534;N;N;53;Sim
AN11;2;1001558;N;N;50;Sim
AN11;3;1012942;N;N;50;Sim
AN11;4;1008714;N;N;49;Sim
AN11;5;1014492;N;N;44;Sim
AN11;6;1008809;N;N;44;Sim
AN11;7;1007139;N;N;42;Sim
AN11;8;1012835;N;N;42;Sim
AN11;9;1008124;S;N;42;Sim
AN11;10;1012295;N;N;41;Sim
AN11;11;1002774;N;N;41;Sim
AN11;12;1003898;N;N;40;Não
AN11;13;1011079;N;N;39;Não
AN11;14;1002889;N;N;37;Não
AN11;15;1014394;N;N;34;Não
AN11;16;1011400;N;N;34;Não
AN11;17;1007145;N;N;32;Não
AN12;1;1003238;N;N;38;Sim
AN12;2;1002239;N;N;37;Sim
AN12;3;1013550;N;N;31;Sim
AN13;1;1008978;N;N;39;Sim
AN13;2;1002097;N;N;38;Sim
AN13;3;1011340;N;N;36;Sim
AN13;4;1009417;N;N;35;Sim
AN13;5;1007659;N;N;34;Sim
AN13;6;1006288;N;N;32;Não
AN13;7;1013740;N;N;32;Não
AN14;1;1006768;N;N;51;Sim
AN14;2;1005279;N;N;49;Sim
AN14;3;1012068;S;N;48;Sim
AN14;4;1003617;N;N;47;Sim
AN14;5;1008869;N;N;45;Sim
AN14;6;1007327;N;N;44;Não
AN14;7;1011179;N;N;43;Não
AN14;8;1014152;N;N;42;Não
AN14;9;1006500;N;N;42;Não
AN14;10;1003636;S;N;36;Sim
AN15;1;1002264;N;N;50;Sim
AN15;2;1014129;N;N;48;Sim
AN15;3;1013730;N;N;47;Sim
AN15;4;1000081;N;N;46;Sim
AN15;5;1000775;N;N;46;Sim
AN15;6;1000448;N;N;45;Não
AN15;7;1003491;N;N;45;Não
AN15;8;1011806;S;N;45;Sim
AN15;9;1000678;N;N;44;Não
AN15;10;1005891;N;N;42;Não
AN15;11;1010534;N;N;40;Não
AN15;12;1012555;N;N;39;Não
AN15;13;1007214;N;N;38;Não
AN15;14;1009348;N;N;36;Não
AN15;15;1014419;N;N;36;Não
AN16;1;1000734;N;N;54;Sim
AN16;2;1001997;S;N;53;Sim
AN16;3;1007727;N;N;52;Sim
AN16;4;1005704;N;N;52;Sim
AN16;5;1002879;S;N;50;Sim
AN16;6;1009296;S;N;50;Sim
AN16;7;1014694;N;N;50;Sim
AN16;8;1014816;S;N;50;Sim
AN16;9;1004377;S;N;50;Sim
AN16;10;1012722;N;N;49;Não
AN16;11;1008956;N;N;49;Não
AN16;12;1009185;N;N;49;Não
AN16;13;1009726;N;N;48;Não
AN16;14;1003591;N;N;47;Não
AN16;15;1001645;S;N;47;Sim
AN16;16;1001746;S;N;47;Sim
AN16;17;1013392;S;N;46;Sim
AN16;18;1008009;N;N;46;Não
AN16;19;1009086;S;N;46;Sim
AN16;20;1000085;N;N;46;Não
AN16;21;1014204;N;N;45;Não
AN16;22;1001579;N;N;44;Não
AN16;23;1002497;N;N;43;Não
AN16;24;1004367;S;N;43;Sim
AN16;25;1003893;N;N;43;Não
AN16;26;1011846;N;N;42;Não
AN16;27;1009261;N;N;41;Não
AN16;28;1010068;S;N;40;Sim
AN16;29;1002064;N;N;36;Não
AN16;30;1009353;N;N;34;Não
AN17;1;1009007;N;N;47;Sim
AN17;2;1006372;N;N;42;Sim
AN17;3;1010119;N;N;41;Sim
AN17;4;1004007;N;N;40;Sim
AN17;5;1007229;N;N;38;Sim
AN17;6;1008283;N;N;38;Sim
AN17;7;1001307;N;N;38;Sim
AN17;8;1007671;N;N;37;Não
AN17;9;1003533;N;N;36;Não
AN17;10;1008057;N;N;36;Não
AN17;11;1012111;N;N;36;Não
AN17;12;1011073;N;N;36;Não
AN17;13;1006070;N;N;36;Não
AN17;14;1009856;N;N;35;Não
AN17;15;1009420;N;N;35;Não
AN17;16;1012962;N;N;35;Não
AN17;17;1003456;N;N;35;Não
AN17;18;1010037;S;N;34;Sim
AN17;19;1014754;N;N;34;Não
AN17;20;1009912;N;N;34;Não
AN17;21;1008838;N;N;33;Não
AN17;22;1002558;N;N;33;Não
AN17;23;1014443;N;N;33;Não
AN17;24;1012696;S;N;32;Sim
AN17;25;1001754;N;N;32;Não
AN17;26;1004506;N;N;31;Não
AN17;27;1010136;S;N;30;Sim
AN17;28;1001306;N;N;30;Não
AN17;29;1009641;N;N;30;Não
AN17;30;1001809;N;N;30;Não
AN18;1;1004613;N;N;46;Sim
AN18;2;1000671;S;N;44;Sim
AN18;3;1006833;N;N;44;Sim
AN18;4;1000188;S;N;42;Sim
AN18;5;1005908;S;S;42;Sim
AN18;6;1005921;N;N;40;Não
AN18;7;1006673;S;N;40;Sim
AN18;8;1002350;N;N;40;Não
AN18;9;1008433;N;N;38;Não
AN18;10;1008330;N;N;37;Não
AN18;11;1001144;N;N;37;Não
AN18;12;1010421;N;N;36;Não
AN18;13;1014228;N;S;36;Sim
AN18;14;1002085;N;N;35;Não
AN18;15;1003313;N;N;34;Não
AN18;16;1013501;N;N;34;Não
AN18;17;1010977;N;N;34;Não
AN18;18;1003633;N;N;33;Não
AN19;1;1005845;S;N;56;Sim
AN19;2;1002825;N;N;55;Sim
AN19;3;1011377;N;N;53;Sim
AN19;4;1011914;N;N;51;Sim
AN19;5;1004216;N;N;51;Sim
AN19;6;1002280;N;N;51;Sim
AN19;7;1002902;N;N;51;Sim
AN19;8;1001488;S;N;49;Sim
AN19;9;1000304;N;N;48;Não
AN19;10;1002195;N;N;48;Não
AN19;11;1005468;N;N;48;Não
AN19;12;1013353;N;N;47;Não
AN19;13;1001580;S;N;47;Sim
AN19;14;1008583;S;N;46;Sim
AN19;15;1013780;S;N;46;Sim
AN19;16;1010958;S;N;46;Sim
AN19;17;1011709;N;S;46;Sim
AN19;18;1014865;N;N;46;Não
AN19;19;1011031;N;N;46;Não
AN19;20;1006802;S;N;45;Sim
AN19;21;1004375;N;N;45;Não
AN19;22;1001802;N;N;44;Não
AN19;23;1002833;S;N;43;Sim
AN19;24;1005212;N;N;43;Não
AN19;25;1009047;S;N;43;Sim
AN19;26;1000533;N;N;43;Não
AN19;27;1012808;N;N;40;Não
AN19;28;1010818;N;N;40;Não
AN19;29;1002078;N;N;38;Não
AN19;30;1012043;N;N;37;Não
AN19;31;1004217;S;N;36;Sim
AN19;32;1014282;N;N;36;Não
AN19;33;1002966;N;N;34;Não
AN20;1;1006074;N;N;53;Sim
AN20;2;1000310;S;N;52;Sim
AN20;3;1000862;N;N;50;Sim
AN20;4;1007377;N;N;48;Sim
AN20;5;1005920;S;N;48;Sim
AN20;6;1010755;S;N;48;Sim
AN20;7;1009060;N;N;48;Sim
AN20;8;1011620;N;N;46;Não
AN20;9;1000891;N;N;46;Não
AN20;10;1011093;N;N;46;Não
AN20;11;1011332;N;N;46;Não
AN20;12;1013821;N;N;45;Não
AN20;13;1005227;N;N;45;Não
AN20;14;1009376;N;N;45;Não
AN20;15;1011338;S;N;45;Sim
AN20;16;1003054;S;N;44;Sim
AN20;17;1010908;S;N;44;Sim
AN20;18;1000129;N;N;44;Não
AN20;19;1006681;N;N;44;Não
AN20;20;1006878;N;N;43;Não
AN20;21;1008863;N;N;42;Não
AN20;22;1006792;S;N;42;Sim
AN20;23;1003069;S;N;42;Sim
AN20;24;1012394;N;N;41;Não
AN20;25;1007399;N;N;40;Não
AN20;26;1003123;N;N;40;Não
AN20;27;1014310;N;N;40;Não
AN20;28;1011210;N;N;40;Não
AN20;29;1012218;N;N;39;Não
AN20;30;1009164;N;N;37;Não
AN20;31;1001623;S;N;36;Sim
AN20;32;1001798;S;N;35;Sim
AN21;1;1004530;N;N;45;Sim
AN21;2;1006537;S;N;44;Sim
AN21;3;1013420;S;N;43;Sim
AN21;4;1009969;S;N;42;Sim
AN21;5;1002583;N;N;42;Sim
AN21;6;1003315;S;N;39;Sim
AN21;7;1006382;S;N;38;Sim
AN21;8;1000261;S;N;37;Sim
AN21;9;1000964;S;N;36;Sim
AN21;10;1010583;S;N;35;Sim
AN21;11;1008365;S;N;33;Sim
AN21;12;1012545;N;N;32;Não
AN21;13;1003207;N;N;32;Não
AN21;14;1000281;S;N;32;Sim
AN21;15;1008441;N;N;30;Não
AN21;16;1014561;S;N;30;Sim
AN22;1;1001070;S;N;51;Sim
AN22;2;1003042;S;N;49;Sim
AN22;3;1011659;N;S;45;Sim
AN22;4;1006547;S;N;44;Sim
AN22;5;1001709;S;N;43;Sim
AN22;6;1009615;S;N;42;Sim
AN22;7;1000069;N;N;41;Não
AN22;8;1011063;N;N;41;Não
AN22;9;1002557;N;N;41;Não
AN22;10;1010313;N;N;41;Não
AN22;11;1011539;N;N;40;Não
AN22;12;1008687;N;N;40;Não
AN22;13;1011004;N;N;39;Não
AN22;14;1009874;N;N;39;Não
AN22;15;1013076;N;N;39;Não
AN22;16;1002784;N;N;39;Não
AN22;17;1010742;S;N;38;Sim
AN22;18;1000336;N;N;38;Não
AN22;19;1010514;N;N;38;Não
AN22;20;1007217;S;N;37;Sim
AN22;21;1002589;S;N;37;Sim
AN22;22;1000994;S;N;37;Sim
AN22;23;1005646;S;N;37;Sim
AN22;24;1005494;N;N;36;Não
AN22;25;1011009;S;N;36;Sim
AN22;26;1013176;N;N;36;Não
AN22;27;1009022;N;N;36;Não
AN22;28;1013023;N;N;35;Não
AN22;29;1014737;S;N;35;Sim
AN22;30;1010782;S;N;35;Sim
AN22;31;1005125;N;N;34;Não
AN22;32;1005058;N;N;34;Não
AN22;33;1012990;N;N;34;Não
AN22;34;1005107;N;N;34;Não
AN22;35;1000213;N;N;34;Não
AN22;36;1010513;N;N;34;Não
AN22;37;1009690;N;N;34;Não
AN22;38;1013336;N;N;34;Não
AN22;39;1000621;N;N;34;Não
AN22;40;1010987;S;N;33;Sim
AN22;41;1009941;N;N;32;Não
AN22;42;1008784;N;N;32;Não
AN22;43;1007863;N;N;32;Não
AN22;44;1008343;S;N;32;Sim
AN22;45;1014875;N;N;32;Não
AN22;46;1012610;N;N;32;Não
AN22;47;1006964;N;N;31;Não
AN22;48;1013493;N;N;31;Não
AN22;49;1005296;N;N;31;Não
AN22;50;1006443;N;N;30;Não
AN22;51;1005715;S;N;30;Sim
AN22;52;1003720;N;N;30;Não
AN22;53;1004270;N;N;30;Não
AN22;54;1003196;S;N;30;Sim
AN23;1;1007834;N;N;47;Sim
AN23;2;1000291;S;N;47;Sim
AN23;3;1010243;S;N;47;Sim
AN23;4;1000483;N;N;46;Sim
AN23;5;1000849;N;N;46;Sim
AN23;6;1001478;S;N;46;Sim
AN23;7;1000459;N;N;42;Não
AN23;8;1002198;N;N;41;Não
AN23;9;1006655;N;N;41;Não
AN23;10;1002986;S;N;41;Sim
AN23;11;1004677;S;N;40;Sim
AN23;12;1005298;N;S;40;Sim
AN23;13;1009509;N;N;39;Não
AN23;14;1001295;S;S;39;Sim
AN23;15;1005699;N;N;35;Não
AN23;16;1011480;N;N;35;Não
AN24;1;1000756;N;N;56;Sim
AN24;2;1012950;S;N;54;Sim
AN24;3;1007971;N;N;54;Sim
AN24;4;1000686;S;N;54;Sim
AN24;5;1000544;N;N;51;Sim
AN24;6;1003985;N;N;51;Sim
AN24;7;1003165;N;N;50;Não
AN24;8;1000396;N;N;50;Não
AN24;9;1003940;N;N;50;Não
AN24;10;1008216;N;N;49;Não
AN24;11;1006300;S;N;48;Sim
AN24;12;1003121;N;N;48;Não
AN24;13;1001224;N;N;48;Não
AN24;14;1012324;N;N;47;Não
AN24;15;1008794;N;S;47;Sim
AN24;16;1000355;N;N;47;Não
AN24;17;1002982;N;N;47;Não
AN24;18;1000434;N;N;46;Não
AN24;19;1001848;S;N;46;Sim
AN24;20;1006909;S;N;46;Sim
AN24;21;1011812;N;N;45;Não
AN24;22;1003331;S;N;43;Sim
AN24;23;1002354;S;N;43;Sim
AN24;24;1011615;N;N;43;Não
AN24;25;1007878;N;N;43;Não
AN24;26;1010617;S;N;42;Sim
AN24;27;1005297;S;N;42;Sim
AN24;28;1007403;N;N;42;Não
AN24;29;1000534;S;N;42;Sim
AN24;30;1006894;S;N;41;Sim
AN24;31;1009106;S;N;41;Sim
AN24;32;1008450;N;N;41;Não
AN24;33;1012991;N;N;40;Não
AN24;34;1006191;N;N;40;Não
AN24;35;1011292;N;N;40;Não
AN24;36;1004925;N;N;38;Não
AN24;37;1005032;N;N;38;Não
AN24;38;1006990;N;N;36;Não
AN24;39;1006657;N;N;36;Não
AN24;40;1003023;N;N;36;Não
AN24;41;1001250;N;N;35;Não
AN24;42;1000124;N;N;34;Não
AN24;43;1003108;S;N;34;Sim
AN24;44;1013219;N;N;32;Não
AN25;1;1010358;N;N;43;Sim
AN25;2;1007307;N;N;42;Sim
AN25;3;1004093;S;N;41;Sim
AN25;4;1000329;N;N;41;Sim
AN25;5;1003713;N;N;40;Sim
AN25;6;1007639;S;N;40;Sim
AN25;7;1003086;N;N;39;Não
AN25;8;1002058;N;N;37;Não
AN25;9;1004486;N;N;36;Não
AN25;10;1003740;N;N;35;Não
AN25;11;1002955;N;N;35;Não
AN25;12;1005428;N;N;34;Não
AN25;13;1012834;N;N;33;Não
AN25;14;1005204;N;N;32;Não
AN26;1;1009913;N;N;47;Sim
AN26;2;1010614;N;N;45;Sim
AN26;3;1008610;N;N;45;Sim
AN26;4;1010587;S;N;44;Sim
AN26;5;1002317;N;N;43;Sim
AN26;6;1005553;S;N;43;Sim
AN26;7;1009721;N;N;43;Sim
AN26;8;1005508;N;N;42;Não
AN26;9;1002452;N;N;42;Não
AN26;10;1003219;N;N;42;Não
AN26;11;1000127;N;N;42;Não
AN26;12;1006669;N;N;42;Não
AN26;13;1003680;S;N;42;Sim
AN26;14;1006726;N;N;41;Não
AN26;15;1007979;N;N;40;Não
AN26;16;1014292;N;N;40;Não
AN26;17;1007481;N;N;40;Não
AN26;18;1004245;N;N;40;Não
AN26;19;1001198;S;N;39;Sim
AN26;20;1004627;N;N;39;Não
AN26;21;1009825;N;N;39;Não
AN26;22;1010180;N;N;38;Não
AN26;23;1006118;S;N;38;Sim
AN26;24;1012230;S;N;38;Sim
AN26;25;1001376;N;N;38;Não
AN26;26;1004948;N;N;38;Não
AN26;27;1001171;N;N;38;Não
AN26;28;1001164;N;N;38;Não
AN26;29;1012236;N;N;37;Não
AN26;30;1010747;N;N;37;Não
AN26;31;1008240;N;N;37;Não
AN26;32;1004193;N;N;37;Não
AN26;33;1005640;N;N;37;Não
AN26;34;1003615;N;N;37;Não
AN26;35;1006714;N;N;36;Não
AN26;36;1000090;S;N;36;Sim
AN26;37;1009753;N;S;36;Sim
AN26;38;1007934;N;N;36;Não
AN26;39;1013062;N;N;36;Não
AN26;40;1009870;S;N;36;Sim
AN26;41;1008910;N;N;36;Não
AN26;42;1005880;N;N;36;Não
AN26;43;1013737;N;N;36;Não
AN26;44;1012632;N;N;36;Não
AN26;45;1001045;N;N;36;Não
AN26;46;1004882;N;N;36;Não
AN26;47;1002811;S;N;36;Sim
AN26;48;1010933;N;N;36;Não
AN26;49;1010466;S;N;36;Sim
AN26;50;1014596;S;N;36;Sim
AN26;51;1002008;N;N;35;Não
AN26;52;1000429;S;N;35;Sim
AN26;53;1012428;N;N;35;Não
AN26;54;1001024;N;N;35;Não
AN26;55;1013486;N;N;35;Não
AN26;56;1002739;N;N;35;Não
AN26;57;1012809;N;N;35;Não
AN26;58;1006320;N;N;35;Não
AN26;59;1005673;N;N;35;Não
AN26;60;1009239;N;N;34;Não
AN26;61;1006469;N;N;34;Não
AN26;62;1009356;N;N;34;Não
AN26;63;1004143;S;N;34;Sim
AN26;64;1011275;N;N;33;Não
AN26;65;1000527;N;N;33;Não
AN26;66;1006991;N;N;33;Não
AN26;67;1010842;N;N;33;Não
AN26;68;1010095;N;N;33;Não
AN26;69;1011116;S;N;33;Sim
AN26;70;1002334;N;N;33;Não
AN26;71;1008303;N;N;33;Não
AN26;72;1009156;N;N;32;Não
AN26;73;1013155;S;N;32;Sim
AN26;74;1012393;N;N;32;Não
AN26;75;1000692;N;N;32;Não
AN26;76;1004986;S;N;32;Sim
AN26;77;1013557;N;N;32;Não
AN26;78;1012526;N;N;32;Não
AN26;79;1001538;N;N;32;Não
AN26;80;1003736;S;N;32;Sim
AN26;81;1003913;N;N;32;Não
AN26;82;1007623;S;N;32;Sim
AN26;83;1007931;N;N;31;Não
AN26;84;1006574;N;N;31;Não
AN26;85;1013335;N;N;31;Não
AN26;86;1005879;N;N;30;Não
AN26;87;1003999;N;N;30;Não
AN27;1;1000385;N;N;53;Sim
AN27;2;1005386;S;N;51;Sim
AN27;3;1001852;N;N;51;Sim
AN27;4;1009984;N;N;50;Sim
AN27;5;1000292;N;N;50;Sim
AN27;6;1002378;N;N;50;Sim
AN27;7;1009482;N;N;49;Não
AN27;8;1009142;N;N;48;Não
AN27;9;1001944;N;N;48;Não
AN27;10;1002183;S;N;48;Sim
AN27;11;1012951;N;N;48;Não
AN27;12;1006408;N;N;48;Não
AN27;13;1001355;S;N;48;Sim
AN27;14;1000208;N;N;47;Não
AN27;15;1010686;N;N;47;Não
AN27;16;1010470;N;N;46;Não
AN27;17;1001258;S;S;46;Sim
AN27;18;1009513;N;N;45;Não
AN27;19;1001631;S;N;44;Sim
AN27;20;1005661;N;N;44;Não
AN27;21;1006338;N;N;43;Não
AN27;22;1009460;N;N;43;Não
AN27;23;1004309;S;N;43;Sim
AN27;24;1009713;N;N;42;Não
AN27;25;1011710;N;N;42;Não
AN27;26;1014698;N;N;42;Não
AN27;27;1000500;S;N;42;Sim
AN27;28;1001410;S;N;40;Sim
AN27;29;1002897;N;N;40;Não
AN27;30;1013933;N;N;39;Não
AN27;31;1002935;N;N;37;Não
AN27;32;1000467;N;N;37;Não
AN27;33;1014764;N;N;34;Não
AN28;1;1002155;N;N;47;Sim
AN28;2;1008516;N;N;45;Sim
AN28;3;1013981;N;N;45;Sim
AN28;4;1000627;S;N;45;Sim
AN28;5;1000344;S;N;44;Sim
AN28;6;1013986;N;N;44;Sim
AN28;7;1013715;N;N;43;Não
AN28;8;1007350;N;N;41;Não
AN28;9;1008686;N;N;41;Não
AN28;10;1002223;N;N;41;Não
AN28;11;1011911;N;N;40;Não
AN28;12;1001186;N;N;40;Não
AN28;13;1008234;N;N;40;Não
AN28;14;1001327;N;N;40;Não
AN28;15;1011583;N;N;40;Não
AN28;16;1005137;N;S;40;Sim
AN28;17;1012192;N;N;40;Não
AN28;18;1006761;N;N;39;Não
AN28;19;1013967;N;N;38;Não
AN28;20;1000092;N;N;38;Não
AN28;21;1003383;S;N;38;Sim
AN28;22;1000608;S;N;38;Sim
AN28;23;1011723;N;N;38;Não
AN28;24;1008518;N;N;37;Não
AN28;25;1013696;S;N;37;Sim
AN28;26;1003314;N;N;37;Não
AN28;27;1012867;N;N;37;Não
AN28;28;1013306;N;N;37;Não
AN28;29;1011126;N;N;36;Não
AN28;30;1003362;S;N;36;Sim
AN28;31;1001387;S;N;36;Sim
AN28;32;1009488;N;N;36;Não
AN28;33;1005078;N;N;36;Não
AN28;34;1010615;N;N;35;Não
AN28;35;1012107;N;N;35;Não
AN28;36;1012407;N;N;35;Não
AN28;37;1004293;N;N;35;Não
AN28;38;1014416;N;N;35;Não
AN28;39;1000172;N;N;35;Não
AN28;40;1010229;N;N;34;Não
AN28;41;1008285;S;N;34;Sim
AN28;42;1011099;N;N;34;Não
AN28;43;1011565;N;N;34;Não
AN28;44;1005501;N;N;34;Não
AN28;45;1009918;N;N;33;Não
AN28;46;1008707;N;N;33;Não
AN28;47;1003983;N;N;33;Não
AN28;48;1013139;N;N;33;Não
AN28;49;1008306;N;N;33;Não
AN28;50;1001010;N;N;33;Não
AN28;51;1004533;N;N;32;Não
AN28;52;1014776;N;N;32;Não
AN28;53;1010875;N;N;32;Não
AN28;54;1003217;N;N;32;Não
AN28;55;1001738;N;N;32;Não
AN28;56;1013989;N;N;32;Não
AN28;57;1005621;N;N;32;Não
AN28;58;1008066;S;N;32;Sim
AN28;59;1010060;N;N;31;Não
AN28;60;1010943;N;N;30;Não
AN28;61;1002457;N;N;30;Não
AN28;62;1006427;N;N;30;Não
AN28;63;1008843;S;N;30;Sim
AN29;1;1002748;N;N;53;Sim
AN29;2;1006007;N;N;49;Sim
AN29;3;1014610;N;N;49;Sim
AN29;4;1000829;N;N;49;Sim
AN29;5;1003200;S;N;48;Sim
AN29;6;1001898;S;N;45;Sim
AN29;7;1011325;N;N;45;Não
AN29;8;1000792;N;N;45;Não
AN29;9;1005824;S;N;44;Sim
AN29;10;1006740;N;N;44;Não
AN29;11;1000461;N;N;43;Não
AN29;12;1011935;S;N;43;Sim
AN29;13;1001245;S;N;43;Sim
AN29;14;1013298;N;N;42;Não
AN29;15;1014370;N;N;42;Não
AN29;16;1007296;N;S;41;Sim
AN29;17;1007234;S;N;40;Sim
AN29;18;1000110;S;N;40;Sim
AN29;19;1013676;N;N;40;Não
AN29;20;1007546;S;N;38;Sim
AN29;21;1002758;S;N;38;Sim
AN29;22;1012673;N;N;38;Não
AN29;23;1011005;N;N;36;Não
AN29;24;1005892;N;N;35;Não
AN29;25;1013389;N;N;32;Não
AN29;26;1002724;S;N;32;Sim
AN30;1;1005499;N;N;42;Sim
AN30;2;1011304;S;N;41;Sim
AN30;3;1004053;N;N;41;Sim
AN30;4;1013872;N;N;40;Sim
AN30;5;1000859;N;N;40;Sim
AN30;6;1010844;N;N;39;Não
AN30;7;1012358;N;N;39;Não
AN30;8;1009279;S;N;38;Sim
AN30;9;1014353;N;N;38;Não
AN30;10;1005773;N;N;38;Não
AN30;11;1012506;S;N;37;Sim
AN30;12;1012113;N;N;37;Não
AN30;13;1001367;N;N;37;Não
AN30;14;1012232;N;N;37;Não
AN30;15;1011884;N;N;36;Não
AN30;16;1013156;N;N;36;Não
AN30;17;1011206;N;N;36;Não
AN30;18;1011905;N;N;36;Não
AN30;19;1005961;N;N;36;Não
AN30;20;1011815;N;N;35;Não
AN30;21;1011471;N;N;35;Não
AN30;22;1009845;N;N;35;Não
AN30;23;1011421;S;N;35;Sim
AN30;24;1006745;N;N;35;Não
AN30;25;1000348;N;N;34;Não
AN30;26;1011176;N;N;34;Não
AN30;27;1012756;N;N;34;Não
AN30;28;1011694;N;N;34;Não
AN30;29;1000589;N;N;33;Não
AN30;30;1001056;N;N;33;Não
AN30;31;1006153;N;N;32;Não
AN30;32;1002737;S;N;32;Sim
AN30;33;1011842;N;N;31;Não
AN30;34;1005445;N;N;31;Não
AN30;35;1012523;S;N;31;Sim
AN30;36;1009525;N;N;31;Não
AN30;37;1008674;N;N;31;Não
AN30;38;1002340;N;N;31;Não
AN30;39;1010263;N;N;30;Não
AN30;40;1014151;N;N;30;Não
AN31;1;1009105;N;N;55;Sim
AN31;2;1001583;N;N;50;Sim
AN31;3;1009836;N;N;50;Sim
AN31;4;1000721;N;N;50;Sim
AN31;5;1007091;N;N;49;Sim
AN31;6;1005264;N;N;47;Não
AN31;7;1010099;N;N;46;Não
AN31;8;1001947;N;N;44;Não
AN31;9;1010490;N;N;43;Não
AN31;10;1002218;N;N;42;Não
AN31;11;1002614;S;N;42;Sim
AN31;12;1012829;N;N;42;Não
AN31;13;1007335;N;N;42;Não
AN31;14;1004866;N;N;40;Não
AN31;15;1013352;N;N;40;Não
AN31;16;1000408;N;N;40;Não
AN31;17;1000361;N;N;40;Não
AN31;18;1000270;N;N;39;Não
AN31;19;1010244;N;N;39;Não
AN31;20;1014153;S;N;38;Sim
AN31;21;1013157;N;N;38;Não
AN31;22;1012423;S;N;38;Sim
AN31;23;1007374;N;N;38;Não
AN31;24;1006649;N;N;37;Não
AN31;25;1009627;N;N;37;Não
AN31;26;1008171;N;N;36;Não
AN31;27;1006483;N;N;35;Não
AN31;28;1000631;S;N;35;Sim
AN31;29;1003541;N;N;32;Não
AN31;30;1001121;N;N;32;Não
AN31;31;1010186;N;N;30;Não
AN32;1;1000562;S;N;49;Sim
AN32;2;1010181;S;N;47;Sim
AN32;3;1005424;N;N;47;Sim
AN32;4;1013795;N;N;46;Sim
AN32;5;1001338;N;N;44;Sim
AN32;6;1010632;N;N;44;Sim
AN32;7;1001492;N;N;43;Não
AN32;8;1010252;N;N;43;Não
AN32;9;1008602;S;N;43;Sim
AN32;10;1005693;N;N;42;Não
AN32;11;1000052;N;N;42;Não
AN32;12;1008928;S;N;42;Sim
AN32;13;1005244;N;N;40;Não
AN32;14;1011502;N;N;39;Não
AN32;15;1001423;S;N;39;Sim
AN32;16;1000618;S;S;38;Sim
AN32;17;1006299;N;N;38;Não
AN32;18;1010841;N;N;37;Não
AN32;19;1005015;N;N;36;Não
AN32;20;1011887;N;N;35;Não
AN32;21;1001924;N;N;34;Não
AN32;22;1007819;N;S;32;Sim
AN32;23;1014365;S;N;30;Sim
AN33;1;1005454;N;N;57;Sim
AN33;2;1008064;N;N;55;Sim
AN33;3;1000998;N;N;54;Sim
AN33;4;1009382;N;N;54;Sim
AN33;5;1003774;S;N;54;Sim
AN33;6;1000928;N;N;53;Não
AN33;7;1006169;N;N;53;Não
AN33;8;1006294;N;N;53;Não
AN33;9;1010025;N;N;52;Não
AN33;10;1000257;N;N;50;Não
AN33;11;1008033;N;N;48;Não
AN33;12;1010220;N;N;48;Não
AN33;13;1001807;N;N;48;Não
AN33;14;1006142;N;N;48;Não
AN33;15;1012447;N;N;48;Não
AN33;16;1011394;N;N;48;Não
AN33;17;1009260;N;N;48;Não
AN33;18;1002135;N;N;48;Não
AN33;19;1007598;N;N;47;Não
AN33;20;1000178;S;N;47;Sim
AN33;21;1010804;N;N;47;Não
AN33;22;1000846;N;N;47;Não
AN33;23;1007194;N;N;47;Não
AN33;24;1001935;S;N;46;Sim
AN33;25;1003053;N;N;46;Não
AN33;26;1001015;N;N;46;Não
AN33;27;1009929;N;N;46;Não
AN33;28;1009915;N;N;45;Não
AN33;29;1009594;N;N;45;Não
AN33;30;1000478;N;N;45;Não
AN33;31;1013649;S;N;45;Sim
AN33;32;1000426;S;N;44;Sim
AN33;33;1011248;N;N;44;Não
AN33;34;1000506;N;N;44;Não
AN33;35;1001419;N;N;44;Não
AN33;36;1001119;N;N;44;Não
AN33;37;1007553;N;N;44;Não
AN33;38;1010366;N;N;44;Não
AN33;39;1004315;S;N;42;Sim
AN33;40;1008121;N;N;42;Não
AN33;41;1010259;N;N;42;Não
AN33;42;1003737;N;N;41;Não
AN33;43;1001616;S;N;40;Sim
AN33;44;1000810;N;N;39;Não
AN33;45;1012896;N;N;37;Não
AN33;46;1002091;S;N;36;Sim
AN33;47;1002011;N;N;36;Não
AN33;48;1000660;N;N;36;Não
AN33;49;1006064;N;N;36;Não
AN33;50;1010376;N;N;36;Não
AN33;51;1011354;N;N;36;Não
AN33;52;1006771;N;N;35;Não
AN33;53;1005165;N;N;34;Não
AN33;54;1009718;N;N;32;Não
AN34;1;1009204;N;N;51;Sim
AN34;2;1006260;N;N;51;Sim
AN34;3;1001678;N;N;50;Sim
AN34;4;1011900;N;N;50;Sim
AN34;5;1010434;N;N;48;Sim
AN34;6;1014717;N;N;47;Não
AN34;7;1008486;N;N;47;Não
AN34;8;1003479;S;N;47;Sim
AN34;9;1002913;N;N;47;Não
AN34;10;1007378;N;N;46;Não
AN34;11;1000180;N;N;46;Não
AN34;12;1003835;N;N;46;Não
AN34;13;1012697;N;N;46;Não
AN34;14;1000231;N;N;46;Não
AN34;15;1010248;S;N;45;Sim
AN34;16;1004043;N;N;44;Não
AN34;17;1000130;S;N;44;Sim
AN34;18;1001214;N;N;44;Não
AN34;19;1003545;S;N;43;Sim
AN34;20;1009357;N;N;43;Não
AN34;21;1001575;S;N;43;Sim
AN34;22;1010671;N;N;42;Não
AN34;23;1000960;N;N;42;Não
AN34;24;1001938;N;N;42;Não
AN34;25;1002451;N;N;42;Não
AN34;26;1004014;N;N;42;Não
AN34;27;1003162;S;N;42;Sim
AN34;28;1014572;S;N;41;Sim
AN34;29;1006729;N;S;41;Sim
AN34;30;1001319;N;N;41;Não
AN34;31;1000205;N;N;41;Não
AN34;32;1011098;S;N;41;Sim
AN34;33;1007071;N;N;40;Não
AN34;34;1011322;S;N;40;Sim
AN34;35;1000887;N;N;40;Não
AN34;36;1001349;N;N;40;Não
AN34;37;1002224;N;N;40;Não
AN34;38;1000423;N;N;40;Não
AN34;39;1001755;S;N;39;Sim
AN34;40;1006977;N;N;38;Não
AN34;41;1003040;N;N;38;Não
AN34;42;1008244;N;N;38;Não
AN34;43;1002228;N;N;38;Não
AN34;44;1005974;N;N;37;Não
AN34;45;1010923;S;N;37;Sim
AN34;46;1005067;N;N;36;Não
AN34;47;1010578;N;N;36;Não
AN34;48;1013564;N;N;36;Não
AN34;49;1001778;S;N;36;Sim
AN34;50;1003128;N;N;36;Não
AN34;51;1001965;S;N;36;Sim
AN34;52;1006873;S;N;35;Sim
AN34;53;1007100;N;N;34;Não
AN34;54;1011154;S;N;34;Sim
AN34;55;1003450;N;N;34;Não
AN34;56;1008537;S;N;34;Sim
AN34;57;1010749;N;N;32;Não
AN34;58;1007142;N;N;32;Não
AN34;59;1002272;N;S;32;Sim
AN35;1;1007239;N;S;53;Sim
AN35;2;1010656;N;N;53;Sim
AN35;3;1011822;N;N;53;Sim
AN35;4;1000662;N;N;50;Sim
AN35;5;1010446;N;N;50;Sim
AN35;6;1011082;N;N;50;Sim
AN35;7;1010904;N;N;49;Não
AN35;8;1002963;N;N;49;Não
AN35;9;1013022;N;N;48;Não
AN35;10;1013346;N;N;46;Não
AN35;11;1010748;N;N;46;Não
AN35;12;1009250;N;N;46;Não
AN35;13;1006599;N;N;45;Não
AN35;14;1014824;N;N;45;Não
AN35;15;1006462;N;N;45;Não
AN35;16;1001083;N;N;45;Não
AN35;17;1008916;N;N;45;Não
AN35;18;1000358;N;N;44;Não
AN35;19;1010739;S;N;43;Sim
AN35;20;1002904;N;N;42;Não
AN35;21;1011025;N;N;42;Não
AN35;22;1004256;N;N;41;Não
AN35;23;1003793;N;N;41;Não
AN35;24;1011251;N;N;39;Não
AN35;25;1007423;N;N;39;Não
AN35;26;1002233;N;S;38;Sim
AN35;27;1003253;N;N;38;Não
AN35;28;1005516;N;N;37;Não
AN35;29;1011464;N;N;37;Não
AN35;30;1001904;N;N;37;Não
AN35;31;1000169;N;N;35;Não
AN35;32;1000709;S;N;34;Sim
AN35;33;1011798;N;N;34;Não
AN35;34;1007644;N;N;34;Não
AN35;35;1001278;N;N;31;Não
AN35;36;1004737;S;N;30;Sim
AN36;1;1000981;N;N;49;Sim
AN36;2;1002274;N;N;47;Sim
AN36;3;1003560;S;N;47;Sim
AN36;4;1013212;S;S;46;Sim
AN36;5;1013407;S;N;46;Sim
AN36;6;1007012;N;N;45;Não
AN36;7;1002326;N;N;45;Não
AN36;8;1001550;N;N;44;Não
AN36;9;1005697;S;N;44;Sim
AN36;10;1001031;N;N;44;Não
AN36;11;1001381;N;N;44;Não
AN36;12;1007612;N;N;43;Não
AN36;13;1008380;N;N;43;Não
AN36;14;1012638;N;N;43;Não
AN36;15;1000525;N;N;41;Não
AN36;16;1010228;N;N;41;Não
AN36;17;1003271;N;N;40;Não
AN36;18;1000042;N;N;40;Não
AN36;19;1007285;N;N;40;Não
AN36;20;1005463;S;S;39;Sim
AN36;21;1004571;N;N;39;Não
AN36;22;1000496;N;N;37;Não
AN36;23;1000602;N;N;37;Não
AN36;24;1014047;N;N;36;Não
AN36;25;1003244;N;N;35;Não
AN36;26;1002807;N;N;34;Não
AN36;27;1002120;N;N;33;Não
AN36;28;1011882;N;N;32;Não
AN36;29;1003695;S;N;30;Sim
AN37;1;1003510;N;N;51;Sim
AN37;2;1001336;N;N;48;Sim
AN37;3;1001683;N;N;47;Sim
AN37;4;1001531;N;N;47;Sim
AN37;5;1003758;N;N;47;Sim
AN37;6;1000068;N;N;46;Não
AN37;7;1001406;N;N;46;Não
AN37;8;1002221;S;N;44;Sim
AN37;9;1008070;N;N;44;Não
AN37;10;1010423;N;N;42;Não
AN37;11;1011401;S;N;41;Sim
AN37;12;1009965;S;N;41;Sim
AN37;13;1010832;N;N;40;Não
AN37;14;1000626;S;N;40;Sim
AN37;15;1001183;N;N;39;Não
AN37;16;1006377;N;N;39;Não
AN37;17;1002604;N;N;39;Não
AN37;18;1012276;N;N;38;Não
AN37;19;1010457;S;N;38;Sim
AN37;20;1006416;S;N;36;Sim
AN37;21;1002778;N;N;34;Não
AN37;22;1002613;S;N;32;Sim
AN37;23;1005012;S;N;30;Sim
AN38;1;1001808;S;N;42;Sim
AN38;2;1000749;N;N;36;Sim
AN39;1;1011267;S;N;44;Sim
AN39;2;1013852;N;N;41;Sim
AN39;3;1013004;N;N;38;Sim
