cargo;inscricao;Q1;NFDiscur
AN01;1000393;15,000;15,000
AN01;1011478;19,000;19,000
AN01;1000102;15,000;15,000
AN01;1011036;16,000;16,000
AN01;1003090;15,000;15,000
AN01;1000529;4,500;4,500
AN01;1010597;7,500;7,500
AN01;1009872;11,000;11,000
AN01;1012521;13,000;13,000
AN01;1008493;16,000;16,000
AN01;1003465;15,000;15,000
AN01;1013128;10,500;10,500
AN01;1001435;1,500;1,500
AN01;1000444;11,000;11,000
AN01;1009103;4,500;4,500
AN01;1013841;8,000;8,000
AN01;1013611;6,500;6,500
AN01;1002650;9,500;9,500
AN01;1000072;7,250;7,250
AN01;1009595;10,000;10,000
AN01;1000492;4,000;4,000
AN01;1001105;5,000;5,000
AN01;1010125;1,000;1,000
AN01;1003925;11,000;11,000
AN01;1003777;15,000;15,000
AN01;1005143;5,000;5,000
AN01;1003723;2,500;2,500
AN01;1009487;12,000;12,000
AN01;1007384;15,000;15,000
AN01;1012731;12,500;12,500
AN01;1010947;8,000;8,000
AN01;1011551;15,000;15,000
AN01;1000556;3,000;3,000
AN01;1007557;21,000;21,000
AN01;1005314;1,500;1,500
AN01;1013267;12,000;12,000
AN01;1012018;1,500;1,500
AN01;1007650;16,000;16,000
AN01;1007736;9,000;9,000
AN01;1010406;21,000;21,000
AN01;1014119;15,500;15,500
AN01;1006323;12,500;12,500
AN01;1012291;10,000;10,000
AN01;1006895;3,500;3,500
AN01;1014115;15,500;15,500
AN01;1009224;6,500;6,500
AN01;1005870;11,000;11,000
AN01;1010657;19,000;19,000
AN01;1000880;6,000;6,000
AN01;1008302;12,000;12,000
AN01;1012524;16,000;16,000
AN01;1001874;16,000;16,000
AN01;1007019;15,000;15,000
AN01;1003839;15,500;15,500
AN01;1011081;18,000;18,000
AN01;1008490;17,500;17,500
AN01;1006130;11,000;11,000
AN01;1000654;15,000;15,000
AN01;1004586;6,500;6,500
AN01;1011358;12,000;12,000
AN01;1003679;19,500;19,500
AN01;1003135;18,000;18,000
AN01;1014643;15,500;15,500
AN01;1003251;7,000;7,000
AN01;1006250;18,000;18,000
AN01;1001682;11,000;11,000
AN01;1000380;4,000;4,000
AN01;1006967;8,000;8,000
AN01;1004707;4,500;4,500
AN01;1002946;19,000;19,000
AN01;1006158;16,000;16,000
AN01;1008574;9,000;9,000
AN01;1009782;15,000;15,000
AN01;1000086;8,000;8,000
AN01;1011415;17,000;17,000
AN01;1012112;15,000;15,000
AN01;1006254;17,000;17,000
AN01;1009098;4,000;4,000
AN01;1001415;8,000;8,000
AN01;1013523;17,000;17,000
AN01;1001561;3,000;3,000
AN01;1001153;6,000;6,000
AN01;1003467;15,000;15,000
AN01;1000056;5,500;5,500
AN01;1009790;15,000;15,000
AN01;1000442;1,000;1,000
AN01;1012279;7,000;7,000
AN01;1002232;12,000;12,000
AN01;1001758;18,000;18,000
AN01;1010390;6,000;6,000
AN01;1007451;16,000;16,000
AN01;1010537;10,500;10,500
AN01;1012620;7,500;7,500
AN01;1013144;19,000;19,000
AN01;1012458;13,000;13,000
AN01;1009272;15,000;15,000
AN01;1002409;15,000;15,000
AN01;1001671;8,500;8,500
AN01;1003824;12,500;12,500
AN01;1003934;1,000;1,000
AN01;1012323;15,500;15,500
AN01;1004105;15,000;15,000
AN01;1009084;6,000;6,000
AN01;1001541;6,000;6,000
AN01;1007160;26,000;26,000
AN01;1010600;15,000;15,000
AN01;1003859;15,500;15,500
AN01;1011903;15,000;15,000
AN01;1014813;11,000;11,000
AN01;1012917;19,000;19,000
AN01;1008266;19,000;19,000
AN01;1009992;15,500;15,500
AN01;1005925;17,500;17,500
AN01;1007607;28,000;28,000
AN01;1009160;1,500;1,500
AN01;1007579;17,500;17,500
AN01;1004529;4,500;4,500
AN01;1006088;8,000;8,000
AN01;1005438;10,000;10,000
AN01;1001190;5,000;5,000
AN01;1000530;11,000;11,000
AN01;1005381;18,500;18,500
AN01;1012476;1,000;1,000
AN01;1002612;13,500;13,500
AN01;1000875;15,000;15,000
AN01;1012392;12,000;12,000
AN01;1002439;6,000;6,000
AN01;1000059;4,000;4,000
AN01;1007926;4,000;4,000
AN01;1010979;10,000;10,000
AN01;1005663;7,000;7,000
AN01;1014707;11,500;11,500
AN01;1007418;21,000;21,000
AN01;1008804;1,500;1,500
AN01;1010272;12,500;12,500
AN01;1008895;4,000;4,000
AN01;1002302;8,000;8,000
AN01;1012162;22,500;22,500
AN01;1004496;15,000;15,000
AN01;1010535;16,000;16,000
AN02;1000761;26,000;26,000
AN02;1004250;18,000;18,000
AN02;1011714;8,500;8,500
AN02;1000751;18,000;18,000
AN02;1001337;22,500;22,500
AN02;1002648;6,500;6,500
AN02;1002916;1,500;1,500
AN02;1003227;4,500;4,500
AN02;1004291;15,000;15,000
AN02;1014150;16,000;16,000
AN02;1010179;6,500;6,500
AN02;1011772;7,000;7,000
AN02;1008638;11,000;11,000
AN02;1007290;20,500;20,500
AN02;1000186;17,000;17,000
AN02;1002696;15,000;15,000
AN02;1014853;3,000;3,000
AN02;1002344;9,500;9,500
AN02;1006921;12,500;12,500
AN02;1003064;15,000;15,000
AN02;1006643;16,000;16,000
AN02;1011071;18,500;18,500
AN02;1007504;7,500;7,500
AN02;1000331;12,500;12,500
AN02;1011233;12,000;12,000
AN02;1005509;15,000;15,000
AN02;1007213;21,000;21,000
AN02;1000582;22,500;22,500
AN02;1010385;9,500;9,500
AN02;1002706;20,000;20,000
AN02;1007368;7,500;7,500
AN02;1013475;12,000;12,000
AN02;1014392;5,500;5,500
AN02;1000826;18,000;18,000
AN02;1005175;11,500;11,500
AN02;1010224;15,000;15,000
AN02;1001618;21,000;21,000
AN02;1007072;10,500;10,500
AN02;1011395;19,500;19,500
AN02;1002472;4,500;4,500
AN02;1002020;15,000;15,000
AN02;1007647;18,000;18,000
AN02;1001582;17,000;17,000
AN02;1011208;10,500;0,500
AN02;1011492;15,500;15,500
AN02;1013920;16,500;16,500
AN02;1010208;15,000;15,000
AN02;1007282;11,000;11,000
AN02;1007236;11,500;11,500
AN02;1003564;19,000;19,000
AN02;1012905;18,000;18,000
AN02;1002549;16,000;16,000
AN02;1000835;9,500;9,500
AN02;1006601;8,500;8,500
AN02;1006446;15,000;15,000
AN02;1010110;17,000;17,000
AN02;1011824;9,500;9,500
AN02;1012849;1,000;1,000
AN02;1007670;12,500;12,500
AN02;1010885;12,500;12,500
AN02;1001630;7,500;7,500
AN02;1001854;25,000;25,000
AN02;1012954;17,000;17,000
AN02;1003801;9,500;9,500
AN02;1007704;9,500;9,500
AN02;1012663;4,000;4,000
AN02;1005064;10,500;10,500
AN02;1014429;15,000;15,000
AN02;1013203;12,500;12,500
AN02;1000313;3,500;3,500
AN02;1008760;15,000;15,000
AN02;1009351;21,500;21,500
AN02;1010410;9,500;9,500
AN02;1009754;17,000;17,000
AN02;1011193;17,500;17,500
AN02;1007868;7,000;7,000
AN02;1000061;15,000;15,000
AN02;1000642;15,000;15,000
AN02;1013394;11,500;11,500
AN02;1004810;11,500;11,500
AN02;1000309;15,000;15,000
AN02;1013124;11,000;11,000
AN02;1004755;6,500;6,500
AN02;1013599;10,500;10,500
AN02;1002741;12,000;12,000
AN02;1002164;3,500;3,500
AN02;1013663;11,000;11,000
AN02;1000647;12,000;12,000
AN02;1008470;24,500;24,500
AN02;1005917;2,000;2,000
AN02;1003304;9,000;9,000
AN02;1002046;3,500;3,500
AN02;1005933;13,000;13,000
AN02;1013440;5,000;5,000
AN02;1001885;12,500;12,500
AN02;1012128;19,000;19,000
AN02;1006739;4,500;4,500
AN02;1009082;15,000;15,000
AN02;1003225;15,000;15,000
AN02;1001992;12,000;12,000
AN02;1009819;13,000;13,000
AN02;1012967;15,000;15,000
AN02;1011976;18,500;18,500
AN02;1012475;15,000;15,000
AN02;1005885;17,000;17,000
AN02;1012437;0,000;0,000
AN02;1011146;15,500;15,500
AN02;1012401;20,000;20,000
AN02;1007930;16,000;16,000
AN02;1004646;27,000;27,000
AN02;1005810;2,000;2,000
AN02;1005080;16,500;16,500
AN02;1009438;8,000;8,000
AN02;1002171;19,000;19,000
AN02;1003047;15,000;15,000
AN02;1004359;17,500;17,500
AN02;1009158;13,500;13,500
AN02;1002455;26,000;26,000
AN02;1006205;15,000;15,000
AN02;1001719;6,500;6,500
AN02;1005220;11,500;11,500
AN02;1000340;3,500;3,500
AN02;1003782;19,500;19,500
AN02;1011371;2,000;2,000
AN02;1000229;23,000;23,000
AN02;1009886;16,500;16,500
AN02;1007561;16,000;16,000
AN02;1011999;2,000;2,000
AN02;1011803;22,000;22,000
AN02;1011282;7,500;7,500
AN02;1001379;20,000;20,000
AN02;1006713;9,000;9,000
AN02;1009454;9,500;9,500
AN02;1004862;12,500;12,500
AN02;1007539;15,000;15,000
AN02;1007280;18,500;18,500
AN02;1013701;6,500;6,500
AN02;1012543;8,500;8,500
AN02;1012701;17,000;17,000
AN02;1009414;8,500;8,500
AN02;1000511;8,500;8,500
AN02;1008806;11,000;11,000
AN02;1012744;22,000;22,000
AN02;1006206;13,000;13,000
AN02;1012891;15,000;15,000
AN02;1010645;11,500;11,500
AN02;1006807;11,000;11,000
AN02;1009136;16,500;16,500
AN02;1006934;15,500;15,500
AN02;1006168;10,500;10,500
AN02;1012509;11,000;11,000
AN02;1011389;15,500;15,500
AN02;1014593;10,500;10,500
AN02;1008590;22,000;22,000
AN02;1005730;15,000;15,000
AN02;1001140;12,500;12,500
AN02;1005785;18,000;18,000
AN02;1008893;1,000;1,000
AN02;1012005;5,000;5,000
AN02;1002975;22,000;22,000
AN02;1007743;11,500;11,500
AN02;1010177;10,500;10,500
AN02;1003696;15,000;15,000
AN02;1004076;7,500;7,500
AN02;1013426;18,000;18,000
AN02;1011866;15,000;15,000
AN02;1011165;16,000;16,000
AN02;1000054;11,500;11,500
AN02;1000089;10,000;10,000
AN02;1006763;19,500;19,500
AN03;1009090;15,500;15,500
AN03;1007471;15,000;15,000
AN03;1006727;9,500;9,500
AN03;1001468;7,500;7,500
AN03;1003133;15,000;15,000
AN03;1013723;8,500;8,500
AN03;1006457;12,500;12,500
AN03;1011498;15,000;15,000
AN03;1000049;22,000;22,000
AN03;1001888;8,500;8,500
AN03;1003175;13,000;13,000
AN03;1001288;15,000;15,000
AN03;1006435;22,000;22,000
AN03;1011101;9,000;9,000
AN03;1007039;19,000;19,000
AN03;1000248;17,000;17,000
AN03;1012869;12,000;12,000
AN03;1000598;16,000;16,000
AN03;1005781;11,500;11,500
AN03;1000942;21,000;21,000
AN03;1004335;16,000;16,000
AN03;1013262;0,000;0,000
AN03;1001444;0,000;0,000
AN03;1000576;18,000;18,000
AN03;1014079;11,000;11,000
AN03;1010273;9,000;9,000
AN03;1014252;10,500;10,500
AN03;1001760;15,000;15,000
AN03;1002413;10,500;10,500
AN03;1011203;11,000;11,000
AN03;1010357;24,500;24,500
AN03;1006806;15,000;15,000
AN03;1010611;3,000;3,000
AN03;1003756;7,000;7,000
AN03;1008073;12,000;12,000
AN03;1002684;11,500;11,500
AN03;1001467;11,500;11,500
AN03;1009575;12,500;12,500
AN03;1007862;17,000;17,000
AN03;1002369;11,500;11,500
AN03;1000401;21,000;21,000
AN03;1007740;10,500;10,500
AN03;1010334;6,000;6,000
AN03;1004569;11,000;11,000
AN03;1002860;6,500;6,500
AN03;1002044;20,000;20,000
AN03;1012876;6,000;6,000
AN03;1008929;17,000;17,000
AN03;1001479;2,000;2,000
AN03;1000758;16,000;16,000
AN03;1011240;15,000;15,000
AN03;1011131;4,500;4,500
AN03;1005779;9,500;9,500
AN03;1010265;9,000;9,000
AN03;1005873;12,000;12,000
AN03;1013088;5,000;5,000
AN03;1010352;8,000;8,000
AN03;1011807;16,000;16,000
AN03;1005737;11,500;11,500
AN03;1006284;10,500;10,500
AN03;1000247;15,000;15,000
AN03;1011269;4,500;4,500
AN04;1012534;23,000;23,000
AN04;1007358;26,000;26,000
AN04;1007941;12,000;12,000
AN04;1001375;13,000;13,000
AN04;1007919;21,500;21,500
AN04;1000975;10,000;10,000
AN04;1005653;24,000;24,000
AN04;1006107;10,000;10,000
AN04;1000821;12,500;12,500
AN04;1013048;15,500;15,500
AN04;1006980;17,000;17,000
AN04;1005048;5,000;5,000
AN04;1003687;19,000;19,000
AN04;1002237;8,000;8,000
AN04;1012883;3,000;3,000
AN04;1000183;11,500;11,500
AN04;1007325;6,000;6,000
AN04;1002682;16,000;16,000
AN04;1008014;9,500;9,500
AN04;1000349;15,000;15,000
AN04;1009607;7,500;7,500
AN04;1009113;6,000;6,000
AN04;1000328;11,500;11,500
AN04;1010440;15,000;15,000
AN04;1003817;21,000;21,000
AN04;1000366;21,500;21,500
AN04;1001730;17,000;17,000
AN04;1007088;10,000;10,000
AN04;1007939;10,500;10,500
AN04;1007567;6,000;6,000
AN04;1002817;17,500;17,500
AN04;1001568;5,000;5,000
AN04;1001899;11,000;11,000
AN04;1009711;2,000;2,000
AN04;1006777;15,000;15,000
AN04;1007909;12,500;12,500
AN04;1007631;13,000;13,000
AN04;1002640;13,500;13,500
AN04;1009342;9,000;9,000
AN04;1007516;16,000;16,000
AN04;1004929;7,000;7,000
AN04;1011105;19,000;19,000
AN04;1011995;16,000;16,000
AN04;1013424;15,500;15,500
AN04;1014144;0,500;0,500
AN04;1000502;6,000;6,000
AN04;1008927;9,000;9,000
AN04;1009798;9,000;9,000
AN04;1013154;12,500;12,500
AN04;1006489;7,000;7,000
AN04;1014109;18,500;18,500
AN04;1000498;21,500;21,500
AN04;1001037;15,000;15,000
AN04;1012790;10,500;10,500
AN04;1007695;3,500;3,500
AN04;1009295;12,500;12,500
AN04;1011133;8,000;8,000
AN04;1010122;16,000;16,000
AN04;1011888;17,000;17,000
AN04;1012040;3,000;3,000
AN04;1001928;13,000;13,000
AN04;1001962;17,500;17,500
AN04;1014886;10,000;10,000
AN04;1004414;8,500;8,500
AN04;1010588;15,000;15,000
AN05;1002608;11,500;11,500
AN05;1011085;7,000;7,000
AN05;1009301;4,000;4,000
AN05;1012759;0,500;0,500
AN05;1001167;12,000;12,000
AN05;1001174;3,000;3,000
AN05;1009280;17,000;17,000
AN05;1014017;12,500;12,500
AN05;1004240;2,000;2,000
AN05;1001350;4,000;4,000
AN05;1013603;8,000;8,000
AN05;1013889;5,000;5,000
AN05;1007191;10,000;10,000
AN05;1005390;19,500;19,500
AN05;1011858;6,000;6,000
AN05;1014869;5,000;5,000
AN05;1000656;2,000;2,000
AN05;1001012;12,000;12,000
AN05;1008059;6,500;6,500
AN05;1011845;12,500;12,500
AN05;1008259;15,000;15,000
AN05;1007876;7,000;7,000
AN05;1011972;25,000;25,000
AN05;1010494;5,000;5,000
AN05;1011419;20,500;20,500
AN05;1012787;0,000;0,000
AN05;1010435;0,000;0,000
AN05;1003516;11,500;11,500
AN05;1002638;4,000;4,000
AN05;1008203;15,000;15,000
AN05;1002411;16,000;16,000
AN05;1000359;18,500;18,500
AN05;1008320;4,000;4,000
AN06;1008846;15,000;15,000
AN06;1000437;15,500;15,500
AN06;1000350;9,000;9,000
AN06;1000237;16,500;16,500
AN06;1005129;10,000;10,000
AN06;1007494;18,000;18,000
AN06;1009104;12,000;12,000
AN06;1001501;16,000;16,000
AN06;1003566;15,000;15,000
AN06;1008847;12,000;12,000
AN06;1005656;16,000;16,000
AN06;1010676;12,000;12,000
AN06;1011859;7,000;7,000
AN06;1006774;15,000;15,000
AN06;1000353;9,000;9,000
AN06;1010741;3,000;3,000
AN06;1013441;10,000;10,000
AN06;1009475;16,000;16,000
AN06;1002320;12,000;12,000
AN06;1003565;16,000;16,000
AN06;1001995;8,000;8,000
AN06;1011550;9,000;9,000
AN06;1004841;18,000;18,000
AN06;1002438;15,000;15,000
AN06;1002787;15,000;15,000
AN06;1007375;8,500;8,500
AN06;1011867;3,000;3,000
AN06;1006026;17,000;17,000
AN06;1008257;7,000;7,000
AN06;1012263;11,000;11,000
AN06;1008752;6,000;6,000
AN06;1011728;23,000;23,000
AN06;1012200;13,000;13,000
AN06;1010111;16,000;16,000
AN06;1004384;8,000;8,000
AN06;1001705;3,000;3,000
AN06;1011908;12,000;12,000
AN06;1013689;7,000;7,000
AN06;1005954;1,000;1,000
AN06;1003585;7,500;7,500
AN06;1001990;11,000;11,000
AN06;1013308;15,000;15,000
AN06;1001469;5,000;5,000
AN06;1002204;22,000;22,000
AN06;1008925;5,000;5,000
AN06;1012371;15,500;15,500
AN06;1010680;12,500;12,500
AN06;1006704;12,500;12,500
AN06;1005068;2,000;2,000
AN06;1009032;9,000;9,000
AN06;1006588;15,000;15,000
AN06;1014810;17,500;17,500
AN06;1011457;21,000;21,000
AN06;1006063;6,500;6,500
AN06;1009396;3,000;3,000
AN06;1012093;6,000;6,000
AN06;1000669;11,500;11,500
AN06;1011752;19,500;19,500
AN06;1001441;18,500;18,500
AN06;1008523;11,000;11,000
AN06;1006279;9,000;9,000
AN06;1000143;0,500;0,500
AN06;1007456;17,500;17,500
AN07;1001881;7,000;7,000
AN07;1011384;4,000;4,000
AN07;1011952;15,000;15,000
AN07;1005731;8,000;8,000
AN07;1001956;18,000;18,000
AN07;1014837;11,000;11,000
AN07;1007974;3,000;3,000
AN07;1001587;19,000;19,000
AN07;1003602;9,000;9,000
AN07;1011438;1,000;1,000
AN07;1009833;3,000;3,000
AN07;1011831;11,500;11,500
AN07;1002911;10,000;10,000
AN07;1003492;2,000;2,000
AN07;1003763;4,000;4,000
AN07;1009236;8,000;8,000
AN07;1008323;8,000;8,000
AN07;1003070;5,500;5,500
AN07;1013897;15,000;15,000
AN07;1007595;11,000;11,000
AN07;1008200;20,500;20,500
AN07;1009042;15,000;15,000
AN08;1006117;22,000;22,000
AN08;1010052;9,000;9,000
AN08;1014475;6,000;6,000
AN08;1014135;12,000;12,000
AN08;1001507;17,000;17,000
AN08;1011977;7,000;7,000
AN08;1008739;22,000;22,000
AN08;1011883;10,000;10,000
AN08;1004945;11,500;11,500
AN08;1006297;7,000;7,000
AN08;1003759;12,000;12,000
AN08;1002820;15,000;15,000
AN08;1013130;19,000;19,000
AN08;1011349;17,000;17,000
AN08;1011169;21,000;21,000
AN08;1001958;6,000;6,000
AN08;1014125;16,000;16,000
AN08;1003928;5,000;5,000
AN08;1011327;12,000;12,000
AN08;1011991;11,000;11,000
AN08;1006897;15,000;15,000
AN08;1014734;4,000;4,000
AN08;1013820;9,000;9,000
AN08;1004485;10,000;10,000
AN08;1014890;17,000;17,000
AN08;1001078;11,000;11,000
AN08;1008854;9,500;9,500
AN08;1004357;19,000;19,000
AN08;1001129;18,500;18,500
AN08;1004953;15,000;15,000
AN08;1001281;12,000;12,000
AN08;1013102;6,000;6,000
AN08;1006836;2,000;2,000
AN08;1013385;12,000;12,000
AN08;1013882;15,000;15,000
AN08;1011937;23,000;23,000
AN08;1007922;20,000;20,000
AN08;1013874;10,000;10,000
AN08;1013520;13,000;13,000
AN08;1007562;4,000;4,000
AN08;1010734;19,000;19,000
AN08;1002997;6,000;6,000
AN08;1011417;13,000;13,000
AN08;1010251;19,000;19,000
AN08;1002672;15,000;15,000
AN08;1007748;1,000;1,000
AN08;1005945;6,000;6,000
AN08;1011366;7,000;7,000
AN08;1014072;9,000;9,000
AN08;1005326;18,000;18,000
AN08;1004188;10,500;10,500
AN08;1001170;10,000;10,000
AN08;1010912;15,000;15,000
AN08;1009093;16,500;16,500
AN08;1000832;12,000;12,000
AN08;1003673;11,000;11,000
AN08;1011294;0,500;0,500
AN08;1001141;13,000;13,000
AN08;1005829;4,000;4,000
AN08;1005434;17,000;17,000
AN08;1006879;6,000;6,000
AN08;1002695;17,000;17,000
AN08;1009121;11,000;11,000
AN08;1001696;9,000;9,000
AN08;1007952;10,000;10,000
AN08;1014676;15,000;15,000
AN09;1009284;8,000;8,000
AN09;1001983;11,000;11,000
AN09;1002886;10,000;10,000
AN09;1009078;15,000;15,000
AN09;1002631;18,500;18,500
AN09;1012667;15,000;15,000
AN09;1002112;11,000;11,000
AN09;1006188;6,000;6,000
AN09;1002964;19,000;19,000
AN09;1010477;13,000;13,000
AN09;1009208;7,000;7,000
AN09;1001219;12,000;12,000
AN09;1000053;9,000;9,000
AN09;1012903;11,000;11,000
AN09;1013477;18,000;18,000
AN09;1007266;10,000;10,000
AN09;1002201;5,000;5,000
AN09;1002249;12,000;12,000
AN09;1010845;6,000;6,000
AN09;1010270;11,000;11,000
AN09;1009167;12,000;12,000
AN09;1000246;19,500;19,500
AN09;1002734;3,000;3,000
AN09;1004763;20,000;20,000
AN09;1005959;15,000;15,000
AN09;1001151;17,000;17,000
AN09;1007571;17,000;17,000
AN09;1012264;16,000;16,000
AN09;1008977;15,000;15,000
AN09;1012367;3,000;3,000
AN09;1012995;13,000;13,000
AN09;1013919;0,000;0,000
AN09;1000088;5,000;5,000
AN09;1005717;13,000;13,000
AN09;1008097;24,500;24,500
AN09;1011114;3,000;3,000
AN09;1006246;19,000;19,000
AN09;1012008;10,000;10,000
AN09;1010584;10,000;10,000
AN09;1012076;10,000;10,000
AN09;1014485;8,000;8,000
AN10;1000274;19,000;19,000
AN10;1006938;13,000;13,000
AN10;1013150;11,000;11,000
AN10;1011391;9,000;9,000
AN10;1007661;15,000;15,000
AN10;1011232;12,500;12,500
AN10;1002828;22,000;22,000
AN10;1012309;13,000;13,000
AN10;1012863;15,000;15,000
AN10;1006119;1,000;1,000
AN10;1001535;15,000;15,000
AN10;1011300;4,000;4,000
AN10;1007131;15,000;15,000
AN10;1008399;15,000;15,000
AN10;1012010;15,000;15,000
AN10;1013966;0,500;0,500
AN10;1008127;16,000;16,000
AN10;1000126;15,000;15,000
AN11;1012835;15,000;15,000
AN11;1014492;10,000;10,000
AN11;1008124;15,000;15,000
AN11;1008714;18,000;18,000
AN11;1007139;11,000;11,000
AN11;1001558;13,000;13,000
AN11;1012942;9,000;9,000
AN11;1008809;6,000;6,000
AN11;1002774;9,000;9,000
AN11;1012295;15,000;15,000
AN11;1005534;15,000;15,000
AN12;1002239;5,000;5,000
AN12;1013550;4,000;4,000
AN12;1003238;15,000;15,000
AN13;1008978;11,000;11,000
AN13;1007659;15,000;15,000
AN13;1009417;7,000;7,000
AN13;1011340;12,000;12,000
AN13;1002097;19,000;19,000
AN14;1008869;9,000;9,000
AN14;1006768;12,000;12,000
AN14;1005279;10,000;10,000
AN14;1012068;15,000;15,000
AN14;1003617;13,000;13,000
AN14;1003636;3,000;3,000
AN15;1013730;8,000;8,000
AN15;1002264;21,000;21,000
AN15;1011806;20,000;20,000
AN15;1000775;15,000;15,000
AN15;1014129;18,500;18,500
AN15;1000081;11,000;11,000
AN16;1013392;15,000;15,000
AN16;1014694;7,000;7,000
AN16;1010068;15,000;15,000
AN16;1002879;11,000;11,000
AN16;1007727;16,000;16,000
AN16;1001645;17,000;17,000
AN16;1009296;4,000;4,000
AN16;1004377;11,000;11,000
AN16;1005704;9,000;9,000
AN16;1001997;19,000;19,000
AN16;1004367;9,500;9,500
AN16;1009086;15,000;15,000
AN16;1000734;15,000;15,000
AN16;1001746;15,000;15,000
AN16;1014816;11,000;11,000
AN17;1006372;16,000;16,000
AN17;1010119;3,000;3,000
AN17;1001307;9,000;9,000
AN17;1009007;18,000;18,000
AN17;1010136;12,000;12,000
AN17;1010037;23,000;23,000
AN17;1007229;6,000;6,000
AN17;1004007;9,000;9,000
AN17;1012696;10,000;10,000
AN17;1008283;7,000;7,000
AN18;1004613;22,000;22,000
AN18;1006673;0,500;0,500
AN18;1000671;15,000;15,000
AN18;1006833;13,000;13,000
AN18;1000188;2,000;2,000
AN18;1014228;1,000;1,000
AN18;1005908;19,000;19,000
AN19;1011709;8,000;8,000
AN19;1006802;9,000;9,000
AN19;1001488;7,000;7,000
AN19;1010958;7,000;7,000
AN19;1004217;12,000;12,000
AN19;1011914;9,000;9,000
AN19;1002833;15,000;15,000
AN19;1009047;13,000;13,000
AN19;1011377;11,000;11,000
AN19;1002825;11,000;11,000
AN19;1005845;12,000;12,000
AN19;1008583;15,000;15,000
AN19;1004216;16,000;16,000
AN19;1013780;6,000;6,000
AN19;1001580;5,000;5,000
AN19;1002280;20,000;20,000
AN19;1002902;16,000;16,000
AN20;1001798;13,000;13,000
AN20;1006792;18,000;18,000
AN20;1006074;18,000;18,000
AN20;1003069;15,000;15,000
AN20;1010908;15,500;15,500
AN20;1000862;11,000;11,000
AN20;1010755;15,000;15,000
AN20;1007377;13,000;13,000
AN20;1011338;4,000;4,000
AN20;1005920;13,000;13,000
AN20;1009060;15,000;15,000
AN20;1000310;16,000;16,000
AN20;1001623;15,000;15,000
AN20;1003054;8,000;8,000
AN21;1010583;8,000;8,000
AN21;1006382;8,000;8,000
AN21;1009969;12,000;12,000
AN21;1006537;8,000;8,000
AN21;1004530;15,000;15,000
AN21;1003315;17,000;17,000
AN21;1014561;15,000;15,000
AN21;1008365;10,000;10,000
AN21;1000964;15,000;15,000
AN21;1000261;18,000;18,000
AN21;1002583;17,000;17,000
AN21;1013420;10,000;10,000
AN21;1000281;18,000;18,000
AN22;1006547;12,000;12,000
AN22;1014737;8,000;8,000
AN22;1000516;19,500;19,500
AN22;1001709;15,000;15,000
AN22;1010742;15,000;15,000
AN22;1005715;3,000;3,000
AN22;1005646;13,000;13,000
AN22;1003042;11,000;11,000
AN22;1009615;11,000;11,000
AN22;1008343;9,000;9,000
AN22;1010987;11,000;11,000
AN22;1000994;18,000;18,000
AN22;1011009;4,000;4,000
AN22;1011659;11,000;11,000
AN22;1003196;6,000;6,000
AN22;1001070;13,000;13,000
AN22;1007217;23,000;23,000
AN22;1010782;6,000;6,000
AN22;1002589;10,000;10,000
AN23;1004677;9,000;9,000
AN23;1001295;4,000;4,000
AN23;1000483;19,000;19,000
AN23;1010243;15,500;15,500
AN23;1002986;7,000;7,000
AN23;1007834;6,000;6,000
AN23;1005298;6,000;6,000
AN23;1001478;18,500;18,500
AN23;1000849;4,000;4,000
AN23;1000291;11,000;11,000
AN24;1003331;3,000;3,000
AN24;1002354;10,500;10,500
AN24;1000686;15,000;15,000
AN24;1006894;3,000;3,000
AN24;1003985;15,000;15,000
AN24;1007971;8,000;8,000
AN24;1006909;23,000;23,000
AN24;1009106;9,000;9,000
AN24;1000544;3,000;3,000
AN24;1008794;15,000;15,000
AN24;1000756;25,000;25,000
AN24;1012950;19,000;19,000
AN24;1000534;10,000;10,000
AN24;1003108;12,000;12,000
AN24;1010617;8,000;8,000
AN24;1006300;6,000;6,000
AN24;1005297;7,000;7,000
AN24;1001848;16,000;16,000
AN25;1007307;9,000;9,000
AN25;1007639;21,500;21,500
AN25;1010358;12,000;12,000
AN25;1004093;20,000;20,000
AN25;1000329;13,000;13,000
AN25;1003713;10,000;10,000
AN26;1001198;8,000;8,000
AN26;1014596;8,000;8,000
AN26;1008610;13,000;13,000
AN26;1010614;10,000;10,000
AN26;1000429;12,000;12,000
AN26;1002811;5,000;5,000
AN26;1003680;9,500;9,500
AN26;1007623;9,500;9,500
AN26;1010466;12,000;12,000
AN26;1009753;15,000;15,000
AN26;1009721;11,000;11,000
AN26;1000090;7,000;7,000
AN26;1009913;11,000;11,000
AN26;1013155;12,000;12,000
AN26;1004143;15,000;15,000
AN26;1004986;8,000;8,000
AN26;1005553;5,000;5,000
AN26;1006118;4,000;4,000
AN26;1011116;11,000;11,000
AN26;1010587;21,000;21,000
AN26;1003736;15,000;15,000
AN26;1002317;8,000;8,000
AN26;1009870;15,000;15,000
AN27;1000500;17,000;17,000
AN27;1001258;10,000;10,000
AN27;1000292;18,000;18,000
AN27;1001852;10,000;10,000
AN27;1002378;12,000;12,000
AN27;1002183;11,000;11,000
AN27;1000385;21,000;21,000
AN27;1001410;10,000;10,000
AN27;1009984;8,000;8,000
AN27;1001631;1,000;1,000
AN27;1001355;15,000;15,000
AN27;1005386;3,000;3,000
AN27;1004309;9,000;9,000
AN28;1008516;13,000;13,000
AN28;1003383;15,000;15,000
AN28;1000608;15,000;15,000
AN28;1005137;10,000;10,000
AN28;1013986;15,000;15,000
AN28;1001387;11,000;11,000
AN28;1003362;13,000;13,000
AN28;1013981;17,000;17,000
AN28;1008066;15,000;15,000
AN28;1013696;3,000;3,000
AN28;1000344;20,000;20,000
AN28;1008843;11,000;11,000
AN28;1008285;8,000;8,000
AN28;1002155;11,000;11,000
AN28;1000627;9,000;9,000
AN29;1000829;19,000;19,000
AN29;1006007;23,000;23,000
AN29;1005824;17,000;17,000
AN29;1002748;22,000;22,000
AN29;1011935;6,000;6,000
AN29;1002724;2,000;2,000
AN29;1007546;3,000;3,000
AN29;1003200;19,000;19,000
AN29;1007234;7,000;7,000
AN29;1001898;5,000;5,000
AN29;1001245;15,000;15,000
AN29;1000110;7,000;7,000
AN29;1007296;6,000;6,000
AN29;1014610;13,000;13,000
AN29;1002758;1,000;1,000
AN30;1005499;18,000;18,000
AN30;1000859;16,000;16,000
AN30;1013872;15,000;15,000
AN30;1011304;17,000;17,000
AN30;1011421;10,000;10,000
AN30;1012506;9,000;9,000
AN30;1009279;9,000;9,000
AN30;1004053;16,000;16,000
AN30;1002737;11,000;11,000
AN30;1012523;9,000;9,000
AN31;1002614;6,000;6,000
AN31;1000721;22,000;22,000
AN31;1007091;12,000;12,000
AN31;1000631;15,000;15,000
AN31;1001583;15,000;15,000
AN31;1009836;17,000;17,000
AN31;1014153;17,000;17,000
AN31;1009105;1,500;1,500
AN31;1012423;9,000;9,000
AN32;1010632;9,000;9,000
AN32;1001338;15,000;15,000
AN32;1007819;20,000;20,000
AN32;1000618;11,000;11,000
AN32;1005424;15,000;15,000
AN32;1008602;10,000;10,000
AN32;1008928;16,000;16,000
AN32;1010181;20,000;20,000
AN32;1001423;6,500;6,500
AN32;1014365;16,000;16,000
AN32;1000562;15,000;15,000
AN32;1013795;15,000;15,000
AN33;1008064;15,000;15,000
AN33;1004315;10,000;10,000
AN33;1000178;18,000;18,000
AN33;1001616;13,000;13,000
AN33;1000998;17,000;17,000
AN33;1005454;15,000;15,000
AN33;1013649;15,000;15,000
AN33;1000426;8,000;8,000
AN33;1001935;15,000;15,000
AN33;1002091;11,000;11,000
AN33;1009382;15,000;15,000
AN33;1003774;15,000;15,000
AN34;1001778;19,000;19,000
AN34;1014572;9,000;9,000
AN34;1003545;5,000;5,000
AN34;1010434;15,000;15,000
AN34;1002272;8,000;8,000
AN34;1003479;1,000;1,000
AN34;1010248;11,000;11,000
AN34;1000130;13,000;13,000
AN34;1008537;9,000;9,000
AN34;1006873;1,500;1,500
AN34;1001965;0,000;0,000
AN34;1001755;10,000;10,000
AN34;1006260;17,000;17,000
AN34;1003162;5,000;5,000
AN34;1011900;9,000;9,000
AN34;1001678;12,000;12,000
AN34;1010923;12,000;12,000
AN34;1011154;6,000;6,000
AN34;1011098;13,000;13,000
AN34;1009204;17,000;17,000
AN34;1006729;18,000;18,000
AN34;1001575;12,000;12,000
AN34;1011322;13,000;13,000
AN35;1002233;10,000;10,000
AN35;1000709;1,500;1,500
AN35;1011822;16,000;16,000
AN35;1010656;15,000;15,000
AN35;1000662;24,000;24,000
AN35;1010739;17,000;17,000
AN35;1010446;8,000;8,000
AN35;1011082;18,000;18,000
AN35;1007239;11,000;11,000
AN35;1004737;15,000;15,000
AN36;1003560;13,000;13,000
AN36;1013407;17,000;17,000
AN36;1002274;7,000;7,000
AN36;1013212;11,000;11,000
AN36;1000981;10,000;10,000
AN36;1005463;10,000;10,000
AN36;1005697;13,000;13,000
AN36;1003695;19,000;19,000
AN37;1001683;4,000;4,000
AN37;1005012;15,000;15,000
AN37;1001531;8,000;8,000
AN37;1002221;12,000;12,000
AN37;1006416;12,000;12,000
AN37;1011401;3,000;3,000
AN37;1001336;12,000;12,000
AN37;1003758;17,000;17,000
AN37;1002613;6,000;6,000
AN37;1009965;12,000;12,000
AN37;1003510;8,000;8,000
AN37;1010457;13,000;13,000
AN37;1000626;18,000;18,000
AN38;1001808;11,000;11,000
AN38;1000749;15,000;15,000
AN39;1011267;15,000;15,000
AN39;1013004;5,000;5,000
AN39;1013852;6,000;6,000
